ds,predicted_monthly_cost,service
2024-11-01,0.0,CloudFormation
2024-12-01,0.0,CloudFormation
2025-01-01,0.0,CloudFormation
2025-02-01,0.0,CloudFormation
2025-03-01,0.0,CloudFormation
2025-04-01,0.0,CloudFormation
2025-05-01,0.0,CloudFormation
2025-06-01,0.0,CloudFormation
2025-07-01,0.0,CloudFormation
2025-08-01,0.0,CloudFormation
2025-09-01,0.0,CloudFormation
2025-10-01,0.0,CloudFormation
2025-11-01,0.0,CloudFormation
2025-12-01,0.0,CloudFormation
2026-01-01,0.0,CloudFormation
2026-02-01,0.0,CloudFormation
2026-03-01,0.0,CloudFormation
2026-04-01,0.0,CloudFormation
2026-05-01,0.0,CloudFormation
2026-06-01,0.0,CloudFormation
2026-07-01,0.0,CloudFormation
2026-08-01,0.0,CloudFormation
2026-09-01,0.0,CloudFormation
2026-10-01,0.0,CloudFormation
2024-11-01,0.0,CloudShell
2024-12-01,0.0,CloudShell
2025-01-01,0.0,CloudShell
2025-02-01,1.1264728536406279e-07,CloudShell
2025-03-01,2.1542439789159527e-08,CloudShell
2025-04-01,2.6334818876305894e-09,CloudShell
2025-05-01,9.514226262191443e-10,CloudShell
2025-06-01,3.6300081357772466e-09,CloudShell
2025-07-01,0.0,CloudShell
2025-08-01,1.3106598347261332e-09,CloudShell
2025-09-01,0.0,CloudShell
2025-10-01,0.0,CloudShell
2025-11-01,0.0,CloudShell
2025-12-01,0.0,CloudShell
2026-01-01,0.0,CloudShell
2026-02-01,6.947657884559569e-08,CloudShell
2026-03-01,0.0,CloudShell
2026-04-01,0.0,CloudShell
2026-05-01,0.0,CloudShell
2026-06-01,0.0,CloudShell
2026-07-01,0.0,CloudShell
2026-08-01,0.0,CloudShell
2026-09-01,0.0,CloudShell
2026-10-01,0.0,CloudShell
2024-11-01,0.0,CloudTrail
2024-12-01,0.0,CloudTrail
2025-01-01,0.0,CloudTrail
2025-02-01,0.0,CloudTrail
2025-03-01,0.0,CloudTrail
2025-04-01,0.0,CloudTrail
2025-05-01,0.0,CloudTrail
2025-06-01,0.0,CloudTrail
2025-07-01,0.0,CloudTrail
2025-08-01,0.0,CloudTrail
2025-09-01,0.0,CloudTrail
2025-10-01,0.0,CloudTrail
2025-11-01,0.0,CloudTrail
2025-12-01,0.0,CloudTrail
2026-01-01,0.0,CloudTrail
2026-02-01,0.0,CloudTrail
2026-03-01,0.0,CloudTrail
2026-04-01,0.0,CloudTrail
2026-05-01,0.0,CloudTrail
2026-06-01,0.0,CloudTrail
2026-07-01,0.0,CloudTrail
2026-08-01,0.0,CloudTrail
2026-09-01,0.0,CloudTrail
2026-10-01,0.0,CloudTrail
2024-11-01,0.8061476931375795,CloudWatch
2024-12-01,16.523812891018032,CloudWatch
2025-01-01,12.353198533552208,CloudWatch
2025-02-01,6.920507225244572,CloudWatch
2025-03-01,7.985875573441446,CloudWatch
2025-04-01,0.0,CloudWatch
2025-05-01,6.24538380182551,CloudWatch
2025-06-01,8.80255281601136,CloudWatch
2025-07-01,2.2113368741787633,CloudWatch
2025-08-01,24.009160572084628,CloudWatch
2025-09-01,35.42849696643446,CloudWatch
2025-10-01,73.14497549985904,CloudWatch
2025-11-01,64.96241838079828,CloudWatch
2025-12-01,82.82166325780945,CloudWatch
2026-01-01,78.7967545755481,CloudWatch
2026-02-01,66.44077254023455,CloudWatch
2026-03-01,74.4797970811203,CloudWatch
2026-04-01,63.90587595318682,CloudWatch
2026-05-01,72.48417098698684,CloudWatch
2026-06-01,72.9211346322874,CloudWatch
2026-07-01,68.5050855581569,CloudWatch
2026-08-01,89.93990453142557,CloudWatch
2026-09-01,99.4901741176421,CloudWatch
2026-10-01,139.15891908153307,CloudWatch
2024-11-01,0.0,Cost Explorer
2024-12-01,0.004145651255489258,Cost Explorer
2025-01-01,0.02133680241616609,Cost Explorer
2025-02-01,0.06669184519594124,Cost Explorer
2025-03-01,0.0,Cost Explorer
2025-04-01,0.0,Cost Explorer
2025-05-01,0.0,Cost Explorer
2025-06-01,0.0,Cost Explorer
2025-07-01,5.537043536494863,Cost Explorer
2025-08-01,5.217220509677039,Cost Explorer
2025-09-01,0.0636456059004854,Cost Explorer
2025-10-01,0.01964104569921923,Cost Explorer
2025-11-01,0.5852178320725709,Cost Explorer
2025-12-01,0.6529057279926544,Cost Explorer
2026-01-01,0.6749948317670921,Cost Explorer
2026-02-01,0.6707409543080665,Cost Explorer
2026-03-01,0.6774471865208184,Cost Explorer
2026-04-01,0.6667416488519237,Cost Explorer
2026-05-01,0.6669468085526741,Cost Explorer
2026-06-01,0.5865053654480289,Cost Explorer
2026-07-01,6.22774727295943,Cost Explorer
2026-08-01,5.990522646907526,Cost Explorer
2026-09-01,0.7919721553499741,Cost Explorer
2026-10-01,0.7524110146800482,Cost Explorer
2024-11-01,0.0,DynamoDB
2024-12-01,5.996046149671673e-06,DynamoDB
2025-01-01,2.188995560718668e-06,DynamoDB
2025-02-01,0.0,DynamoDB
2025-03-01,0.00010205755963486432,DynamoDB
2025-04-01,0.00011732697535502622,DynamoDB
2025-05-01,7.559149995706863e-06,DynamoDB
2025-06-01,3.254950618490578e-06,DynamoDB
2025-07-01,5.5648029753626774e-06,DynamoDB
2025-08-01,1.3966283257251335e-07,DynamoDB
2025-09-01,0.0,DynamoDB
2025-10-01,1.1353018648265974e-06,DynamoDB
2025-11-01,0.0,DynamoDB
2025-12-01,0.0,DynamoDB
2026-01-01,0.0,DynamoDB
2026-02-01,0.0,DynamoDB
2026-03-01,6.680420083342803e-05,DynamoDB
2026-04-01,8.371742162481228e-05,DynamoDB
2026-05-01,0.0,DynamoDB
2026-06-01,0.0,DynamoDB
2026-07-01,0.0,DynamoDB
2026-08-01,0.0,DynamoDB
2026-09-01,0.0,DynamoDB
2026-10-01,0.0,DynamoDB
2024-11-01,0.028087761853713367,EC2 Container Registry (ECR)
2024-12-01,0.011144724563412693,EC2 Container Registry (ECR)
2025-01-01,0.09094060678509346,EC2 Container Registry (ECR)
2025-02-01,0.03435731092604114,EC2 Container Registry (ECR)
2025-03-01,0.0,EC2 Container Registry (ECR)
2025-04-01,0.0,EC2 Container Registry (ECR)
2025-05-01,0.0,EC2 Container Registry (ECR)
2025-06-01,4.3340402213900795,EC2 Container Registry (ECR)
2025-07-01,0.0,EC2 Container Registry (ECR)
2025-08-01,2.0345334326505955,EC2 Container Registry (ECR)
2025-09-01,2.3893416244102395,EC2 Container Registry (ECR)
2025-10-01,3.676945887795293,EC2 Container Registry (ECR)
2025-11-01,4.263455816483047,EC2 Container Registry (ECR)
2025-12-01,4.458113867303811,EC2 Container Registry (ECR)
2026-01-01,4.465414213427894,EC2 Container Registry (ECR)
2026-02-01,4.024729960877203,EC2 Container Registry (ECR)
2026-03-01,4.33819154591884,EC2 Container Registry (ECR)
2026-04-01,4.243784778126065,EC2 Container Registry (ECR)
2026-05-01,4.17420539274236,EC2 Container Registry (ECR)
2026-06-01,8.612136542053298,EC2 Container Registry (ECR)
2026-07-01,4.359885865682143,EC2 Container Registry (ECR)
2026-08-01,6.421194652743373,EC2 Container Registry (ECR)
2026-09-01,6.714003100067304,EC2 Container Registry (ECR)
2026-10-01,8.063816453675173,EC2 Container Registry (ECR)
2024-11-01,310.161896313891,EC2-Instances
2024-12-01,310.8295211973714,EC2-Instances
2025-01-01,304.9189800204864,EC2-Instances
2025-02-01,311.74619096729526,EC2-Instances
2025-03-01,334.52696433737805,EC2-Instances
2025-04-01,274.4931535932993,EC2-Instances
2025-05-01,350.0619728343737,EC2-Instances
2025-06-01,368.0995490747184,EC2-Instances
2025-07-01,437.62487554928464,EC2-Instances
2025-08-01,637.7975415807969,EC2-Instances
2025-09-01,13.55494745062456,EC2-Instances
2025-10-01,1.8629487370848983,EC2-Instances
2025-11-01,46.72877214126856,EC2-Instances
2025-12-01,39.62658816467897,EC2-Instances
2026-01-01,34.318760943821864,EC2-Instances
2026-02-01,67.30366172758623,EC2-Instances
2026-03-01,66.64879605862885,EC2-Instances
2026-04-01,15.312626271045954,EC2-Instances
2026-05-01,81.5274255994192,EC2-Instances
2026-06-01,110.3787934183688,EC2-Instances
2026-07-01,172.15426755083809,EC2-Instances
2026-08-01,372.6673647581547,EC2-Instances
2026-09-01,0.0,EC2-Instances
2026-10-01,0.0,EC2-Instances
2024-11-01,27.808999777364562,EC2-Other
2024-12-01,49.80877313345892,EC2-Other
2025-01-01,42.44276262380048,EC2-Other
2025-02-01,46.41401325116117,EC2-Other
2025-03-01,65.78495726098006,EC2-Other
2025-04-01,17.647768195201053,EC2-Other
2025-05-01,64.27833346004489,EC2-Other
2025-06-01,58.655966936229866,EC2-Other
2025-07-01,63.88245940874388,EC2-Other
2025-08-01,138.38134624007526,EC2-Other
2025-09-01,184.16115120498057,EC2-Other
2025-10-01,202.49581272329903,EC2-Other
2025-11-01,188.9510182127496,EC2-Other
2025-12-01,217.9516371774753,EC2-Other
2026-01-01,211.8548661255017,EC2-Other
2026-02-01,199.5747097399461,EC2-Other
2026-03-01,237.90018760983438,EC2-Other
2026-04-01,184.1092409015509,EC2-Other
2026-05-01,236.60103865132123,EC2-Other
2026-06-01,226.06264399985898,EC2-Other
2026-07-01,236.99191597954461,EC2-Other
2026-08-01,310.260487758126,EC2-Other
2026-09-01,351.8723838632924,EC2-Other
2026-10-01,375.44352166029165,EC2-Other
2024-11-01,10.763404111896865,Elastic Container Service
2024-12-01,163.96650892129185,Elastic Container Service
2025-01-01,122.29724694670915,Elastic Container Service
2025-02-01,0.22845765510306149,Elastic Container Service
2025-03-01,4.480453990639384,Elastic Container Service
2025-04-01,0.0,Elastic Container Service
2025-05-01,7.678788433635055,Elastic Container Service
2025-06-01,38.20259168114669,Elastic Container Service
2025-07-01,0.9355225379966673,Elastic Container Service
2025-08-01,2.7961730318521782,Elastic Container Service
2025-09-01,0.47773361586880037,Elastic Container Service
2025-10-01,0.22310605150609636,Elastic Container Service
2025-11-01,1.3719939682779316,Elastic Container Service
2025-12-01,154.2636686341687,Elastic Container Service
2026-01-01,114.32126302983876,Elastic Container Service
2026-02-01,0.0,Elastic Container Service
2026-03-01,0.0,Elastic Container Service
2026-04-01,0.0,Elastic Container Service
2026-05-01,0.0,Elastic Container Service
2026-06-01,29.58648132834085,Elastic Container Service
2026-07-01,0.0,Elastic Container Service
2026-08-01,0.0,Elastic Container Service
2026-09-01,0.0,Elastic Container Service
2026-10-01,0.0,Elastic Container Service
2024-11-01,1.8164245159510255,Elastic Container Service for Kubernetes
2024-12-01,0.0,Elastic Container Service for Kubernetes
2025-01-01,0.0,Elastic Container Service for Kubernetes
2025-02-01,250.3630274054881,Elastic Container Service for Kubernetes
2025-03-01,298.0648673993389,Elastic Container Service for Kubernetes
2025-04-01,7.654993189250103,Elastic Container Service for Kubernetes
2025-05-01,176.6185041569344,Elastic Container Service for Kubernetes
2025-06-01,0.0,Elastic Container Service for Kubernetes
2025-07-01,1.078401073734103,Elastic Container Service for Kubernetes
2025-08-01,52.33142452034779,Elastic Container Service for Kubernetes
2025-09-01,95.66642150312232,Elastic Container Service for Kubernetes
2025-10-01,147.3840255868093,Elastic Container Service for Kubernetes
2025-11-01,62.82331111484907,Elastic Container Service for Kubernetes
2025-12-01,61.5456508726666,Elastic Container Service for Kubernetes
2026-01-01,55.96874102345092,Elastic Container Service for Kubernetes
2026-02-01,301.56791443043994,Elastic Container Service for Kubernetes
2026-03-01,363.14709557005574,Elastic Container Service for Kubernetes
2026-04-01,66.87813922645671,Elastic Container Service for Kubernetes
2026-05-01,235.31786530465507,Elastic Container Service for Kubernetes
2026-06-01,52.639975035405854,Elastic Container Service for Kubernetes
2026-07-01,60.950192001913365,Elastic Container Service for Kubernetes
2026-08-01,111.11117616816922,Elastic Container Service for Kubernetes
2026-09-01,153.9173876045932,Elastic Container Service for Kubernetes
2026-10-01,206.86775356863285,Elastic Container Service for Kubernetes
2024-11-01,0.5484839336188746,Elastic Load Balancing
2024-12-01,17.316413863765394,Elastic Load Balancing
2025-01-01,13.606861252296412,Elastic Load Balancing
2025-02-01,0.9531242573915165,Elastic Load Balancing
2025-03-01,9.914500850648233,Elastic Load Balancing
2025-04-01,12.211243295960736,Elastic Load Balancing
2025-05-01,30.824897315917518,Elastic Load Balancing
2025-06-01,46.12212914662469,Elastic Load Balancing
2025-07-01,33.47237730271922,Elastic Load Balancing
2025-08-01,45.26147628603623,Elastic Load Balancing
2025-09-01,50.874449493322025,Elastic Load Balancing
2025-10-01,80.75612391268474,Elastic Load Balancing
2025-11-01,66.86648104248646,Elastic Load Balancing
2025-12-01,86.51452784170944,Elastic Load Balancing
2026-01-01,83.29191180734067,Elastic Load Balancing
2026-02-01,64.10153469027394,Elastic Load Balancing
2026-03-01,80.38672604742906,Elastic Load Balancing
2026-04-01,80.51947913976677,Elastic Load Balancing
2026-05-01,101.56800297572711,Elastic Load Balancing
2026-06-01,115.17179169299264,Elastic Load Balancing
2026-07-01,104.72306780907982,Elastic Load Balancing
2026-08-01,116.28773223295553,Elastic Load Balancing
2026-09-01,119.75708324952086,Elastic Load Balancing
2026-10-01,151.88460373125255,Elastic Load Balancing
2024-11-01,1.7393564666993113e-06,Glacier
2024-12-01,1.7866500346375867e-06,Glacier
2025-01-01,1.7727053881372346e-06,Glacier
2025-02-01,1.6186604380675364e-06,Glacier
2025-03-01,1.7765705249363183e-06,Glacier
2025-04-01,1.6989284296510963e-06,Glacier
2025-05-01,1.7776847767632828e-06,Glacier
2025-06-01,1.7080473136141107e-06,Glacier
2025-07-01,1.7908519114286578e-06,Glacier
2025-08-01,6.50277439110925e-07,Glacier
2025-09-01,2.670346590617563e-09,Glacier
2025-10-01,0.0,Glacier
2025-11-01,0.0,Glacier
2025-12-01,0.0,Glacier
2026-01-01,0.0,Glacier
2026-02-01,0.0,Glacier
2026-03-01,0.0,Glacier
2026-04-01,0.0,Glacier
2026-05-01,0.0,Glacier
2026-06-01,0.0,Glacier
2026-07-01,0.0,Glacier
2026-08-01,0.0,Glacier
2026-09-01,0.0,Glacier
2026-10-01,0.0,Glacier
2024-11-01,0.0,Glue
2024-12-01,0.0,Glue
2025-01-01,0.0,Glue
2025-02-01,0.0,Glue
2025-03-01,0.0,Glue
2025-04-01,0.0,Glue
2025-05-01,0.0,Glue
2025-06-01,0.0,Glue
2025-07-01,0.0,Glue
2025-08-01,0.0,Glue
2025-09-01,0.0,Glue
2025-10-01,0.0,Glue
2025-11-01,0.0,Glue
2025-12-01,0.0,Glue
2026-01-01,0.0,Glue
2026-02-01,0.0,Glue
2026-03-01,0.0,Glue
2026-04-01,0.0,Glue
2026-05-01,0.0,Glue
2026-06-01,0.0,Glue
2026-07-01,0.0,Glue
2026-08-01,0.0,Glue
2026-09-01,0.0,Glue
2026-10-01,0.0,Glue
2024-11-01,0.0,Inspector
2024-12-01,0.012003920540915536,Inspector
2025-01-01,0.015184898004982093,Inspector
2025-02-01,0.05884502391672938,Inspector
2025-03-01,0.014660520552678954,Inspector
2025-04-01,0.0034805280946982597,Inspector
2025-05-01,0.0,Inspector
2025-06-01,0.0,Inspector
2025-07-01,0.0,Inspector
2025-08-01,0.0,Inspector
2025-09-01,0.0,Inspector
2025-10-01,4.655981217239321,Inspector
2025-11-01,0.5018185654951489,Inspector
2025-12-01,0.0,Inspector
2026-01-01,0.0,Inspector
2026-02-01,0.0,Inspector
2026-03-01,0.0,Inspector
2026-04-01,0.0,Inspector
2026-05-01,0.0,Inspector
2026-06-01,0.0,Inspector
2026-07-01,0.0,Inspector
2026-08-01,0.0,Inspector
2026-09-01,0.0,Inspector
2026-10-01,0.0,Inspector
2024-11-01,0.36286741140740586,Key Management Service
2024-12-01,1.0154471938539837,Key Management Service
2025-01-01,0.9988162756033658,Key Management Service
2025-02-01,1.996964314926983,Key Management Service
2025-03-01,2.8971775929418024,Key Management Service
2025-04-01,3.871816836167307,Key Management Service
2025-05-01,4.853591425668297,Key Management Service
2025-06-01,5.951405147375028,Key Management Service
2025-07-01,6.021167555274227,Key Management Service
2025-08-01,6.018873757479659,Key Management Service
2025-09-01,6.029941750949024,Key Management Service
2025-10-01,6.7936914440873855,Key Management Service
2025-11-01,6.346603924611796,Key Management Service
2025-12-01,7.202043464903658,Key Management Service
2026-01-01,7.1773887315686045,Key Management Service
2026-02-01,7.5509426502346635,Key Management Service
2026-03-01,9.066891545904022,Key Management Service
2026-04-01,9.823147458607446,Key Management Service
2026-05-01,10.986230074909336,Key Management Service
2026-06-01,11.898776579758744,Key Management Service
2026-07-01,12.17196782091776,Key Management Service
2026-08-01,12.164175647134732,Key Management Service
2026-09-01,11.979536413479995,Key Management Service
2026-10-01,12.941031519553023,Key Management Service
2024-11-01,0.0,Lambda
2024-12-01,0.0,Lambda
2025-01-01,0.0,Lambda
2025-02-01,0.0,Lambda
2025-03-01,0.0,Lambda
2025-04-01,0.0,Lambda
2025-05-01,0.0,Lambda
2025-06-01,0.0,Lambda
2025-07-01,0.0,Lambda
2025-08-01,0.0,Lambda
2025-09-01,0.0,Lambda
2025-10-01,0.0,Lambda
2025-11-01,0.0,Lambda
2025-12-01,0.0,Lambda
2026-01-01,0.0,Lambda
2026-02-01,0.0,Lambda
2026-03-01,0.0,Lambda
2026-04-01,0.0,Lambda
2026-05-01,0.0,Lambda
2026-06-01,0.0,Lambda
2026-07-01,0.0,Lambda
2026-08-01,0.0,Lambda
2026-09-01,0.0,Lambda
2026-10-01,0.0,Lambda
2024-11-01,0.0,Lightsail
2024-12-01,0.0,Lightsail
2025-01-01,3.323263923919943e-06,Lightsail
2025-02-01,0.0,Lightsail
2025-03-01,3.3520264796529524e-08,Lightsail
2025-04-01,9.802883444129901e-08,Lightsail
2025-05-01,1.2218158168459793e-08,Lightsail
2025-06-01,1.197745109028008e-08,Lightsail
2025-07-01,4.1790860883726416e-08,Lightsail
2025-08-01,0.0,Lightsail
2025-09-01,0.0,Lightsail
2025-10-01,0.0,Lightsail
2025-11-01,0.0,Lightsail
2025-12-01,0.0,Lightsail
2026-01-01,2.4830471057683036e-06,Lightsail
2026-02-01,0.0,Lightsail
2026-03-01,0.0,Lightsail
2026-04-01,0.0,Lightsail
2026-05-01,0.0,Lightsail
2026-06-01,0.0,Lightsail
2026-07-01,0.0,Lightsail
2026-08-01,0.0,Lightsail
2026-09-01,0.0,Lightsail
2026-10-01,0.0,Lightsail
2024-11-01,0.00888829983831424,Location Service
2024-12-01,0.00915168545245417,Location Service
2025-01-01,0.009098209613717398,Location Service
2025-02-01,0.008380410657375752,Location Service
2025-03-01,0.001561298129787254,Location Service
2025-04-01,6.656280275841624e-05,Location Service
2025-05-01,3.332203288644436e-05,Location Service
2025-06-01,3.6404220595695233e-06,Location Service
2025-07-01,9.072389693336813e-06,Location Service
2025-08-01,0.0,Location Service
2025-09-01,0.0,Location Service
2025-10-01,0.0003659449994871048,Location Service
2025-11-01,0.0,Location Service
2025-12-01,0.0,Location Service
2026-01-01,0.0,Location Service
2026-02-01,0.0,Location Service
2026-03-01,0.0,Location Service
2026-04-01,0.0,Location Service
2026-05-01,0.0,Location Service
2026-06-01,0.0,Location Service
2026-07-01,0.0,Location Service
2026-08-01,0.0,Location Service
2026-09-01,0.0,Location Service
2026-10-01,0.0,Location Service
2024-11-01,0.0,Relational Database Service
2024-12-01,0.0,Relational Database Service
2025-01-01,0.24498683493320228,Relational Database Service
2025-02-01,0.0,Relational Database Service
2025-03-01,43.0955383285015,Relational Database Service
2025-04-01,25.49195567848068,Relational Database Service
2025-05-01,76.90322905836476,Relational Database Service
2025-06-01,133.26932641692892,Relational Database Service
2025-07-01,11.443868255143387,Relational Database Service
2025-08-01,29.42265315694788,Relational Database Service
2025-09-01,95.96409739288896,Relational Database Service
2025-10-01,183.27303265788592,Relational Database Service
2025-11-01,150.84036641585,Relational Database Service
2025-12-01,155.79307109343702,Relational Database Service
2026-01-01,155.2891903419044,Relational Database Service
2026-02-01,138.1655747773721,Relational Database Service
2026-03-01,197.31892730163673,Relational Database Service
2026-04-01,175.5221729733911,Relational Database Service
2026-05-01,226.96331638598716,Relational Database Service
2026-06-01,284.8240489493433,Relational Database Service
2026-07-01,164.5866327203888,Relational Database Service
2026-08-01,181.770396356317,Relational Database Service
2026-09-01,244.70593628754307,Relational Database Service
2026-10-01,335.3043625021603,Relational Database Service
2024-11-01,0.0020749381076367503,S3
2024-12-01,0.0017604426017503142,S3
2025-01-01,0.002087979669925729,S3
2025-02-01,0.001718347760179767,S3
2025-03-01,0.0021785470063743944,S3
2025-04-01,0.001768493484671732,S3
2025-05-01,0.0030343027738193445,S3
2025-06-01,0.006008691258485656,S3
2025-07-01,0.028283341423573468,S3
2025-08-01,0.3592739604872632,S3
2025-09-01,0.5653190089251858,S3
2025-10-01,0.6184938231179296,S3
2025-11-01,0.7450713866975609,S3
2025-12-01,0.9909758108974545,S3
2026-01-01,1.216565533642704,S3
2026-02-01,1.291870449036751,S3
2026-03-01,1.6445073063943159,S3
2026-04-01,1.8058566252820119,S3
2026-05-01,2.088050045452936,S3
2026-06-01,2.2380617278086747,S3
2026-07-01,2.556352951362525,S3
2026-08-01,2.7770170663926144,S3
2026-09-01,2.7378698328522932,S3
2026-10-01,2.8631268191214687,S3
2024-11-01,1.2896528866762055e-05,SNS
2024-12-01,1.1884942110827317e-05,SNS
2025-01-01,1.3193329251322872e-05,SNS
2025-02-01,9.745497382712007e-06,SNS
2025-03-01,1.3630525560494332e-05,SNS
2025-04-01,1.2337632749292014e-05,SNS
2025-05-01,1.2654199465698876e-05,SNS
2025-06-01,1.0476616498784281e-05,SNS
2025-07-01,1.2520921681888251e-05,SNS
2025-08-01,5.804518025491193e-06,SNS
2025-09-01,2.4201266979804716e-06,SNS
2025-10-01,9.391659599092788e-07,SNS
2025-11-01,0.0,SNS
2025-12-01,0.0,SNS
2026-01-01,0.0,SNS
2026-02-01,0.0,SNS
2026-03-01,0.0,SNS
2026-04-01,0.0,SNS
2026-05-01,0.0,SNS
2026-06-01,0.0,SNS
2026-07-01,0.0,SNS
2026-08-01,0.0,SNS
2026-09-01,0.0,SNS
2026-10-01,0.0,SNS
2024-11-01,0.00028779544167774313,SQS
2024-12-01,2.089973009637842e-05,SQS
2025-01-01,2.3084153132388604e-07,SQS
2025-02-01,2.0863274355830512e-06,SQS
2025-03-01,1.609666321295923e-06,SQS
2025-04-01,2.2004944290329936e-06,SQS
2025-05-01,1.3885869883328168e-06,SQS
2025-06-01,0.0,SQS
2025-07-01,0.0,SQS
2025-08-01,0.0,SQS
2025-09-01,1.0850449501676392e-06,SQS
2025-10-01,3.593503911648674e-05,SQS
2025-11-01,0.0004517089697158518,SQS
2025-12-01,0.00019964320743413026,SQS
2026-01-01,0.00017686914350119635,SQS
2026-02-01,0.00016050253836842677,SQS
2026-03-01,0.0001779218417667015,SQS
2026-04-01,0.00017209161809663304,SQS
2026-05-01,0.00017719982559727792,SQS
2026-06-01,0.00016989847980295432,SQS
2026-07-01,0.00017522143670629453,SQS
2026-08-01,0.0001753193413046189,SQS
2026-09-01,0.0001713666329385779,SQS
2026-10-01,0.00021162985424114778,SQS
2024-11-01,1.1479896757970767,Secrets Manager
2024-12-01,1.2083944044727437,Secrets Manager
2025-01-01,1.2151161732867966,Secrets Manager
2025-02-01,1.1955196497080027,Secrets Manager
2025-03-01,1.2143948480971576,Secrets Manager
2025-04-01,1.2011348078570996,Secrets Manager
2025-05-01,1.2122118573337965,Secrets Manager
2025-06-01,1.2019623039716785,Secrets Manager
2025-07-01,1.2080626280584286,Secrets Manager
2025-08-01,2.66964006958231,Secrets Manager
2025-09-01,3.6620374015918635,Secrets Manager
2025-10-01,3.6939390680912796,Secrets Manager
2025-11-01,2.5196017035624685,Secrets Manager
2025-12-01,0.0,Secrets Manager
2026-01-01,0.0,Secrets Manager
2026-02-01,0.0,Secrets Manager
2026-03-01,0.0,Secrets Manager
2026-04-01,0.0,Secrets Manager
2026-05-01,0.0,Secrets Manager
2026-06-01,0.0,Secrets Manager
2026-07-01,0.0,Secrets Manager
2026-08-01,0.0,Secrets Manager
2026-09-01,0.0,Secrets Manager
2026-10-01,0.0,Secrets Manager
2024-11-01,0.11717248494849562,Security Hub
2024-12-01,0.11657212921758661,Security Hub
2025-01-01,0.11762748855419303,Security Hub
2025-02-01,0.107074633889091,Security Hub
2025-03-01,0.11626151585352971,Security Hub
2025-04-01,0.1119039197364855,Security Hub
2025-05-01,0.1177852522702584,Security Hub
2025-06-01,0.11425760081645513,Security Hub
2025-07-01,0.1259694499314486,Security Hub
2025-08-01,0.15762448111713384,Security Hub
2025-09-01,0.1634458302623195,Security Hub
2025-10-01,0.4066577117582134,Security Hub
2025-11-01,0.44958689079949427,Security Hub
2025-12-01,0.46197645613660143,Security Hub
2026-01-01,0.4622623374968184,Security Hub
2026-02-01,0.41647281212390863,Security Hub
2026-03-01,0.46089566335691856,Security Hub
2026-04-01,0.44477674510469006,Security Hub
2026-05-01,0.46198800751361035,Security Hub
2026-06-01,0.4481074756523724,Security Hub
2026-07-01,0.4696335817743025,Security Hub
2026-08-01,0.5025226271673036,Security Hub
2026-09-01,0.4956350266579776,Security Hub
2026-10-01,0.749996889703718,Security Hub
2024-11-01,0.00011118237269579744,Service Catalog
2024-12-01,0.03723346931347042,Service Catalog
2025-01-01,0.11109696516004651,Service Catalog
2025-02-01,0.09986647759168449,Service Catalog
2025-03-01,0.014921975743706017,Service Catalog
2025-04-01,0.001351328856528312,Service Catalog
2025-05-01,0.0011625258063709012,Service Catalog
2025-06-01,0.000495996979701652,Service Catalog
2025-07-01,0.0003149952642938665,Service Catalog
2025-08-01,0.0,Service Catalog
2025-09-01,0.0,Service Catalog
2025-10-01,0.0,Service Catalog
2025-11-01,0.0,Service Catalog
2025-12-01,0.0,Service Catalog
2026-01-01,0.07039539051502051,Service Catalog
2026-02-01,0.061917981586900615,Service Catalog
2026-03-01,0.0,Service Catalog
2026-04-01,0.0,Service Catalog
2026-05-01,0.0,Service Catalog
2026-06-01,0.0,Service Catalog
2026-07-01,0.0,Service Catalog
2026-08-01,0.0,Service Catalog
2026-09-01,0.0,Service Catalog
2026-10-01,0.0,Service Catalog
2024-11-01,8.262481914375762e-09,Simple Workflow Service
2024-12-01,8.784550648270718e-11,Simple Workflow Service
2025-01-01,0.0,Simple Workflow Service
2025-02-01,0.0,Simple Workflow Service
2025-03-01,0.0,Simple Workflow Service
2025-04-01,0.0,Simple Workflow Service
2025-05-01,2.196719681172761e-09,Simple Workflow Service
2025-06-01,2.9288320364049896e-09,Simple Workflow Service
2025-07-01,9.365935054296528e-08,Simple Workflow Service
2025-08-01,5.920652367339007e-08,Simple Workflow Service
2025-09-01,5.120647121344176e-09,Simple Workflow Service
2025-10-01,0.0,Simple Workflow Service
2025-11-01,0.0,Simple Workflow Service
2025-12-01,0.0,Simple Workflow Service
2026-01-01,0.0,Simple Workflow Service
2026-02-01,0.0,Simple Workflow Service
2026-03-01,0.0,Simple Workflow Service
2026-04-01,0.0,Simple Workflow Service
2026-05-01,0.0,Simple Workflow Service
2026-06-01,0.0,Simple Workflow Service
2026-07-01,0.0,Simple Workflow Service
2026-08-01,0.0,Simple Workflow Service
2026-09-01,0.0,Simple Workflow Service
2026-10-01,0.0,Simple Workflow Service
2024-11-01,1.113599961582526e-06,Step Functions
2024-12-01,1.1440972858596086e-06,Step Functions
2025-01-01,1.1351933408499863e-06,Step Functions
2025-02-01,1.0365401182157393e-06,Step Functions
2025-03-01,1.137705680232133e-06,Step Functions
2025-04-01,1.0879228937096426e-06,Step Functions
2025-05-01,1.1383473429614391e-06,Step Functions
2025-06-01,1.0937515075295237e-06,Step Functions
2025-07-01,1.1466391056290556e-06,Step Functions
2025-08-01,4.1551856147853256e-07,Step Functions
2025-09-01,1.5540725256977258e-09,Step Functions
2025-10-01,0.0,Step Functions
2025-11-01,0.0,Step Functions
2025-12-01,0.0,Step Functions
2026-01-01,0.0,Step Functions
2026-02-01,0.0,Step Functions
2026-03-01,0.0,Step Functions
2026-04-01,0.0,Step Functions
2026-05-01,0.0,Step Functions
2026-06-01,0.0,Step Functions
2026-07-01,0.0,Step Functions
2026-08-01,0.0,Step Functions
2026-09-01,0.0,Step Functions
2026-10-01,0.0,Step Functions
2024-11-01,0.0,Systems Manager
2024-12-01,0.0,Systems Manager
2025-01-01,0.0,Systems Manager
2025-02-01,0.0,Systems Manager
2025-03-01,0.0,Systems Manager
2025-04-01,0.0,Systems Manager
2025-05-01,0.0,Systems Manager
2025-06-01,0.0,Systems Manager
2025-07-01,0.0,Systems Manager
2025-08-01,0.0,Systems Manager
2025-09-01,0.0,Systems Manager
2025-10-01,0.0,Systems Manager
2025-11-01,0.0,Systems Manager
2025-12-01,0.0,Systems Manager
2026-01-01,0.0,Systems Manager
2026-02-01,0.0,Systems Manager
2026-03-01,0.0,Systems Manager
2026-04-01,0.0,Systems Manager
2026-05-01,0.0,Systems Manager
2026-06-01,0.0,Systems Manager
2026-07-01,0.0,Systems Manager
2026-08-01,0.0,Systems Manager
2026-09-01,0.0,Systems Manager
2026-10-01,0.0,Systems Manager
2024-11-01,0.0,Tax
2024-12-01,0.0,Tax
2025-01-01,0.0,Tax
2025-02-01,0.0,Tax
2025-03-01,0.0,Tax
2025-04-01,0.0,Tax
2025-05-01,0.0,Tax
2025-06-01,0.0,Tax
2025-07-01,0.0,Tax
2025-08-01,0.0,Tax
2025-09-01,0.0,Tax
2025-10-01,0.0,Tax
2025-11-01,0.0,Tax
2025-12-01,0.0,Tax
2026-01-01,0.0,Tax
2026-02-01,0.0,Tax
2026-03-01,0.0,Tax
2026-04-01,0.0,Tax
2026-05-01,0.0,Tax
2026-06-01,0.0,Tax
2026-07-01,0.0,Tax
2026-08-01,0.0,Tax
2026-09-01,0.0,Tax
2026-10-01,0.0,Tax
2024-11-01,9.911867989834285,VPC
2024-12-01,32.04482325270916,VPC
2025-01-01,25.36862083268753,VPC
2025-02-01,12.379451568813668,VPC
2025-03-01,26.983437839801677,VPC
2025-04-01,13.318515399433862,VPC
2025-05-01,26.512472968236974,VPC
2025-06-01,48.82381023559116,VPC
2025-07-01,44.6649727779677,VPC
2025-08-01,61.94739165151,VPC
2025-09-01,65.5533669107874,VPC
2025-10-01,96.61585589394234,VPC
2025-11-01,65.86026982075062,VPC
2025-12-01,89.9264434451397,VPC
2026-01-01,83.37290131456744,VPC
2026-02-01,64.4535830702142,VPC
2026-03-01,85.03069481417646,VPC
2026-04-01,69.29342148618969,VPC
2026-05-01,83.94541389922405,VPC
2026-06-01,104.88925629557087,VPC
2026-07-01,102.33067244667747,VPC
2026-08-01,119.52913862116638,VPC
2026-09-01,121.45337832964671,VPC
2026-10-01,154.40483600180124,VPC
2024-11-01,0.0,X-Ray
2024-12-01,0.0,X-Ray
2025-01-01,0.0,X-Ray
2025-02-01,0.0,X-Ray
2025-03-01,0.0,X-Ray
2025-04-01,0.0,X-Ray
2025-05-01,0.0,X-Ray
2025-06-01,0.0,X-Ray
2025-07-01,0.0,X-Ray
2025-08-01,0.0,X-Ray
2025-09-01,0.0,X-Ray
2025-10-01,0.0,X-Ray
2025-11-01,0.0,X-Ray
2025-12-01,0.0,X-Ray
2026-01-01,0.0,X-Ray
2026-02-01,0.0,X-Ray
2026-03-01,0.0,X-Ray
2026-04-01,0.0,X-Ray
2026-05-01,0.0,X-Ray
2026-06-01,0.0,X-Ray
2026-07-01,0.0,X-Ray
2026-08-01,0.0,X-Ray
2026-09-01,0.0,X-Ray
2026-10-01,0.0,X-Ray
