Service,EC2-Instances($),Elastic Container Service for Kubernetes($),EC2-Other($),Relational Database Service($),VPC($),Elastic Load Balancing($),CloudWatch($),Certificate Manager($),Key Management Service($),Elastic Container Service($),EC2 Container Registry (ECR)($),Secrets Manager($),Inspector($),Cost Explorer($),S3($),Security Hub($),Systems Manager($),Service Catalog($),Location Service($),DynamoDB($),SNS($),SQS($),Glacier($),Step Functions($),Simple Workflow Service($),CloudTrail($),Glue($),Tax($),CloudFormation($),Lambda($),X-Ray($),Total costs($)
Service total,2429.403072,1515.50326,1473.604711,768.9173816,617.60027,394.7332662,319.1313552,172,71.25458543,55.32624885,36.5375514,30.75348303,28.27308104,10.73,4.148033052,2.44175,0.43905,0.0091,0.0023135,0.00023778,0.000079,0.0000696,9.3887E-06,0.000006011,1.62E-07,0,0,0,0,0,0,7930.808913
01-03-2025,11.052,14.4,2.895424083,,1.2,0.604897186,0,,0.096774192,1.495065325,0.00021571,0.038944677,,,5.78682E-05,0.004,,0.0014,0.000259,,0,0,5.06E-08,3.24E-08,0,0,0,0,,,,31.78903812
02-03-2025,11.052,14.4,2.893483699,,1.2,0.604858385,0.150070991,,0.096774192,1.492573255,0.00021571,0.039054677,,,5.29008E-05,0.004,,0.0021,0.0003885,,0,0,7.59E-08,4.86E-08,0,0,0,,,,,31.93557243
03-03-2025,11.13890655,14.4,2.904053775,,1.11348758,0.479751722,0.356377009,,0.098394192,0.893332781,0.00165099,0.038944677,,,5.78672E-05,0.004,,0.0014,0.000259,,0,0,5.06E-08,3.24E-08,0,0,0,,,,,31.43061623
04-03-2025,11.6088,14.4,2.946924203,,1.392353145,0.540031912,0.356426019,,0.094301934,0.780153468,0.000431419,0.038939677,,,4.24672E-05,0.004,,0.0014,0.000259,,0,0,5.06E-08,3.24E-08,0,0,0,,,,,32.16406333
05-03-2025,11.60398357,14.4,2.964863475,,1.401347665,0.540015926,0.357617055,,0.098598192,0.772841798,0.000431419,0.039059677,,,6.83008E-05,0.004,,0.0021,0.0003885,,0,0,7.59E-08,4.86E-08,0,0,0,,,,,32.1853157
06-03-2025,11.650898,14.4,2.951776223,0.301123858,1.373677935,0.540056965,0.357890323,,0.098706192,0.382500898,0.000431419,0.038939677,,,4.24672E-05,0.004,,0.0007,0.0001295,,0,0,5.06E-08,3.24E-08,0,0,0,,,,,32.10087354
07-03-2025,11.70058068,14.4,2.955301848,0.242324703,1.25049866,0.540000034,0.358302477,,0.098562192,0.07623551,0.000431419,0.038944677,,,5.78674E-05,0.004,,,,,0,0,5.06E-08,3.24E-08,0,0,0,,,,,31.66524015
08-03-2025,11.6088,14.4,2.951648559,0.012874497,1.210302825,0.54000002,0.35849353,,0.098346192,0.093210083,0.000431419,0.038939677,,,4.24676E-05,0.004,,,,,0,0,5.06E-08,3.24E-08,0,0,0,,,,,31.31708935
09-03-2025,11.6088,14.4,2.947063178,0.011418615,1.20961394,0.540000031,0.35851769,,0.098406192,0.087141291,0.000431419,0.038944677,,,5.78672E-05,0.004,,,,,0,0,5.06E-08,3.24E-08,0,0,0,,,,,31.30439498
10-03-2025,11.79586466,14.4,2.969397226,0.617598307,1.364665325,0.540000036,0.511892798,,0.098640192,0.083058052,0.000431419,0.039054677,,,5.29012E-05,0.004,0,,,,0,0,7.59E-08,4.86E-08,0,0,0,,,,,32.42465572
11-03-2025,11.43250823,14.4,2.968579276,5.419131818,1.07562089,0.540000023,0.37081547,,0.098514192,0.073335232,0.000431419,0.038944677,,,5.78672E-05,0.004,,,,,0,0,5.06E-08,3.24E-08,0,0,0,,,,,36.42193918
12-03-2025,10.3793822,14.4,2.957241417,0.503472916,0.60230004,0.540000047,0.359185268,,0.098376192,0.074205856,0.000431419,0.038939677,,,4.24672E-05,0.004,,,,,0,0,5.06E-08,3.24E-08,0,0,0,,,,,29.95757758
13-03-2025,10.31353565,14.4,2.978302313,1.082742904,0.697352815,0.540000029,0.359348503,,0.098445192,0.082351908,0.000431419,0.038944677,,,5.78672E-05,0.004,,,,,0,0,5.06E-08,3.24E-08,0,0,0,,,,,30.59551336
14-03-2025,10.8602281,14.4,3.01486494,0.936075611,0.769737525,0.540000013,0.788954241,,0.094565934,0.106940954,0.000431419,0.039054677,,,5.29012E-05,0.004,,,,,0,0,7.59E-08,4.86E-08,0,0,0,,,,,31.55490644
15-03-2025,11.2224,14.4,2.991813014,1.024133533,0.848970885,0.540000012,0.359664597,,0.098418192,0.081350795,0.000431419,0.038944677,,,5.78672E-05,0.004,,,,,0,0,5.06E-08,3.24E-08,0,0,0,,,,,31.61018507
16-03-2025,11.55031281,14.4,2.975069506,1.523211722,0.9844056,0.540000026,0.519292656,,0.098415192,0.088372304,0.000431419,0.038939677,,,4.24672E-05,0.004,,,,,0,0,5.06E-08,3.24E-08,0,0,0,,,,,32.72249346
17-03-2025,12.22970899,14.4,3.042363282,3.832122074,1.36586671,0.540000042,0.359856925,,0.100008278,0.089263775,0.000431419,0.038944677,,,5.78672E-05,0.004,,,,,0,0,5.06E-08,3.24E-08,0,0,0,,,,,36.00262412
18-03-2025,11.68126067,14.4,2.898667393,2.397156985,1.097365345,0.540000025,0.426506899,,0.098670192,0.080911946,0.000431419,0.039054677,,,5.29008E-05,0.004,,,,,0,0,7.59E-08,4.86E-08,0,0,0,,,,,33.66407857
19-03-2025,10.89217112,14.4,2.769434182,1.16902522,0.734184755,0.540000018,0.367030883,,0.098526192,0.091787202,0.000431419,0.038944677,,,5.78672E-05,0.004,,,,,0,0,5.06E-08,3.24E-08,0,0,0,,0,,,31.10559362
20-03-2025,9.618961494,4.146581664,1.166819957,2.198802289,0.70584308,0.157500016,0.108619475,,0.097743192,0.02087254,0.000431419,0.038939677,,,4.24672E-05,0.004,,,,,0,0,5.06E-08,3.24E-08,0,0,0,,,,,18.26515735
21-03-2025,10.33196041,,0.552082947,2.164188471,0.810041675,,0.003706889,,0.097653192,,0.000431419,0.039059677,,,6.83008E-05,0.004,,,,,0,0,7.59E-08,4.86E-08,0,0,0,,,,,14.00319311
22-03-2025,10.28223911,,0.526839716,1.850087669,0.716730555,,0.003706889,,0.097260192,,0.000431419,0.038939677,,,4.24678E-05,0.0032,,,,,0.000001,0,5.06E-08,3.24E-08,0,0,0,,,,,13.51947877
23-03-2025,10.1376,,0.507873603,1.530694311,0.54976528,,0.00070903,,0.083828332,,0.000431419,0.038944677,,,5.78678E-05,0.0032,,,,,0.0000015,0,5.06E-08,3.24E-08,0,0,0,,,,,12.8531061
24-03-2025,10.19992588,,0.524826323,1.607440659,0.52280972,,0.00070903,,0.065176128,,0.000431419,0.039054677,,,5.29014E-05,0.0032,,,,,0.0000015,0,7.59E-08,4.86E-08,0,0,0,,,,,12.96362836
25-03-2025,10.1376,,0.514572529,1.530374901,0.48,,0.00070903,,0.064990128,,0.000431419,0.038944677,,,5.78674E-05,0.0032,,,,,0.0000015,0,5.06E-08,3.24E-08,0,0,0,,,,,12.77088213
26-03-2025,10.20018522,,0.522348294,1.535518218,0.506980555,,0.00070903,,0.064933128,,0.000431419,0.038939677,,,4.24684E-05,0.0032,,,,,0.000001,0,5.06E-08,3.24E-08,0,0,0,,,,,12.8732891
27-03-2025,10.41721975,,0.540627948,1.531992203,0.60054861,,0.00070903,,0.065011128,,0.000431419,0.038944677,,,5.78672E-05,0.0032,,,,,0.0000015,0,5.06E-08,3.24E-08,0,0,0,,,,,13.19874421
28-03-2025,10.70817791,3.902551824,1.094131133,1.531447594,0.648216665,,0.142399169,,0.076771816,,0.000431419,0.038939677,,,0.000230478,0.0032,,,,,0.000001,0,5.06E-08,3.24E-08,0,0,0,,,0,,18.14649876
29-03-2025,10.55598873,,0.552088915,1.533305183,0.65629861,,0.00096903,,0.065209128,,0.000431419,0.038944677,,,0.000692439,0.0032,,,,,0.0000015,0,5.06E-08,3.24E-08,0,0,0,,,,,13.40712972
30-03-2025,10.416,,0.540882303,1.538782809,0.6,,0.00070903,,0.065116128,,0.000431419,0.038939677,,,4.24672E-05,0.0032,,,,,0.000001,0,5.06E-08,3.24E-08,0,0,0,,,,,13.20410492
31-03-2025,10.45636284,,0.545186275,1.543918204,0.616379165,,0.001201861,,0.065506128,,0.000431419,0.039059677,,,0.000365901,0.0032,,,,0.000004125,0.000002,0,7.59E-08,4.86E-08,0,0,0,,,,,13.27161772
01-04-2025,10.73092613,7.774970166,1.250007732,1.408056726,0.731909715,0.310791429,0.00026,,0.086111112,,0.0004458,0.040230001,,,0.000201641,0.004,,,,0.00022928,0,0,5.06E-08,3.24E-08,0,0,0,0,,,,22.33813981
02-04-2025,9.61196221,9.760913875,1.030745567,1.119818651,0.28382639,,0,,0.08888889,,0.0004458,0.040235001,,,5.78678E-05,0.004,,,,,0,0,5.06E-08,3.24E-08,0,0,0,,,,,21.94089433
03-04-2025,9.144339565,6.095863002,0.75825375,1.114537201,0.255923615,,0.004657363,,0.133087446,,0.0004458,0.040345001,,,5.29014E-05,0.004,,,,,0,0,7.59E-08,4.86E-08,0,0,0,,,,,17.55150577
04-04-2025,9.024,,0.532099765,1.12014149,0.24,,0.003333334,,0.134284334,,0.0004458,0.040235001,,,5.78672E-05,0.004,,,,,0,0,5.06E-08,3.24E-08,0,0,0,,,,,11.09859767
05-04-2025,9.024,,0.531592525,1.114316156,0.24,,0.003333334,,0.132712446,,0.0004458,0.040230001,,,4.24678E-05,0.004,,,,,0,0,5.06E-08,3.24E-08,0,0,0,,,,,11.09067281
06-04-2025,9.024,,0.53159301,1.114964088,0.24,,0.003333334,,0.134614334,,0.0004458,0.040350001,,,6.83008E-05,0.004,,,,,0,0,7.59E-08,4.86E-08,0,0,0,,,,,11.09336899
07-04-2025,9.148717777,1.331519334,0.885194723,1.11997759,0.268016665,,0.049731921,,0.138646001,,0.0004458,0.040230001,,,4.24672E-05,0.004,,,,,0,0,5.06E-08,3.24E-08,0,0,0,,,,,12.98652236
08-04-2025,9.024,,0.531594112,1.258389116,0.29172778,0.067500006,0.003358446,,0.134332334,,0.0004458,0.040235001,,,5.78672E-05,0.004,,,,,0,0,5.06E-08,3.24E-08,0,0,0,,,,,11.35564055
09-04-2025,9.362876782,4.64974617,1.099169927,1.369206476,0.478477785,0.540000102,0.1417931,,0.145707446,,0.0004458,0.040230001,,,0.00010286,0.004,0,,,,0,0,5.06E-08,3.24E-08,0,0,0,,,,,17.83175653
10-04-2025,9.166148776,,0.545136372,1.13052593,0.41732222,0.540000091,0.004138446,,0.134848334,,0.0004458,0.040350001,,,9.10078E-05,0.004,,,,,0,0,7.59E-08,4.86E-08,0,0,0,,,,,11.9830071
11-04-2025,9.3216,,0.549778743,1.125826698,0.48,0.540000088,0.003878446,,0.134251334,,0.0004458,0.040230001,,,5.76124E-05,0.004,,,,,0,0,5.06E-08,3.24E-08,0,0,0,,,,,12.20006881
12-04-2025,9.3216,,0.556509672,0.818885013,0.480956945,0.540000022,0.003878446,,0.134389334,,0.0004458,0.040235001,,,7.30012E-05,0.004,,,,,0,0,5.06E-08,3.24E-08,0,0,0,,,,,11.90097332
13-04-2025,9.3216,,0.556490656,0.373761233,0.48,0.540000096,0.003878446,,0.134251334,,0.0004458,0.040230001,,,5.76064E-05,0.004,,,,,0,0,5.06E-08,3.24E-08,0,0,0,,,,,11.45471526
14-04-2025,9.3216,,0.556515728,0.130585621,0.48,0.540000098,0.003878446,,0.134389334,,0.0004458,0.040235001,,,7.29908E-05,0.004,,,,,0,0,5.06E-08,3.24E-08,0,0,0,,,,,11.2117231
15-04-2025,9.3216,,0.556516742,0.101058349,0.48,0.54000009,0.004138446,,0.134710334,,0.0004458,0.040345001,,,7.55922E-05,0.004,,,,,0,0,7.59E-08,4.86E-08,0,0,0,,,,,11.18289048
16-04-2025,9.3216,,0.548939638,0.27711542,0.529169445,0.540000017,0.003878446,,0.134239334,,0.0004458,0.040230001,,,6.25908E-05,0.004,,,,,0,0,5.06E-08,3.24E-08,0,0,0,,,,,11.39968077
17-04-2025,9.087591329,,0.543339308,0.536087842,0.50572361,0.540000083,0.003878446,,0.134350334,,0.0004458,0.040235001,,,7.29974E-05,0.004,,,,,0,0,5.06E-08,3.24E-08,0,0,0,,,,,11.39572483
18-04-2025,9.024,,0.531621633,0.5431485,0.48,0.54000007,0.003878446,,0.134221334,,0.0004458,0.040230001,,,5.76027E-05,0.004,,,,,0,0,5.06E-08,3.24E-08,0,0,0,,,,,11.30160347
19-04-2025,9.024,,0.532135794,0.543497419,0.48,0.540000071,0.004138446,,0.134794334,,0.0004458,0.040350001,,,9.60048E-05,0.004,,,,,0,0,7.59E-08,4.86E-08,0,0,0,,,,,11.30345799
20-04-2025,9.024,,0.531614395,0.543218385,0.48,0.54,0.003878446,,0.134221334,,0.0004458,0.040230001,,,5.75907E-05,0.004,,,,,0,0,5.06E-08,3.24E-08,0,0,0,,,,,11.30166604
21-04-2025,9.024,,0.524609171,0.543246858,0.48,0.54000008,0.003878446,,0.134350334,,0.0004458,0.040235001,,,7.80028E-05,0.0032,,0,,,0,0,5.06E-08,3.24E-08,0,0,0,,,,,11.29404378
22-04-2025,9.043405831,,0.536877487,0.543279267,0.503676385,0.562503379,0.003878446,,0.134206334,0.006865307,0.0004458,0.040230001,,,5.75908E-05,0.0032,,,,,0.000001,0,5.06E-08,3.24E-08,0,0,0,,,,,11.37862691
23-04-2025,9.410035101,,0.566372002,0.543640895,0.62660278,0.540000082,0.003878446,,0.134311334,,0.0004458,0.040235001,,,7.80028E-05,0.0032,,,,,0.0000015,0,5.06E-08,3.24E-08,0,0,0,,,,,11.86880103
24-04-2025,10.02825391,,0.580244893,0.542148211,0.725873615,0.630000107,0.004138446,,0.134623334,0.045718677,0.0004458,0.040345001,,,8.06088E-05,0.0032,,,,,0.0000015,0,7.59E-08,4.86E-08,0,0,0,,,,,12.73507423
25-04-2025,9.102349944,,0.532872636,0.263486522,0.48401666,0.585000112,0.003878446,,0.134323334,0.01106368,0.0004458,0.040235001,,,7.79978E-05,0.0032,,,,,0.0000015,0,5.06E-08,3.24E-08,0,0,0,,,,,11.16095172
26-04-2025,9.024,,0.503276806,0.037626329,0.36,0.540000083,0.003878446,,0.134191334,,0.0004458,0.040230001,,,0.000057601,0.0032,,,,,0.000001,0,5.06E-08,3.24E-08,0,0,0,,,,,10.64690748
27-04-2025,9.024,,0.509782172,0.011550293,0.36526391,0.585000082,0.004138446,,0.134605334,0.001762235,0.0004458,0.040350001,,,9.59928E-05,0.0032,,,,,0.000002,0,7.59E-08,4.86E-08,0,0,0,,,,,10.68019639
28-04-2025,9.024,,0.509783044,0.011550293,0.3647625,0.562500339,0.003878446,,0.134041334,0.004857422,0.0004458,0.040230001,,,5.75972E-05,0.0032,,,,,0.000001,0,5.06E-08,3.24E-08,0,0,0,,,,,10.65930786
29-04-2025,9.024,,0.509779977,0.011550293,0.36,0.540000027,0.003878446,,0.129949668,,0.0004458,0.040235001,,,7.79974E-05,0.0032,,,,,0.0000015,0,5.06E-08,3.24E-08,0,0,0,,,,,10.62311879
30-04-2025,9.026290553,,0.503819012,0.011550293,0.363744445,0.562500083,0.003878446,,0.132652446,,0.0004458,0.040230001,,,5.76004E-05,0.0032,,,,,0.000001,0,5.06E-08,3.24E-08,0,0,0,,,,,10.64836976
01-05-2025,9.108291465,,0.50216964,0.011177703,0.36672639,0.5639,0.00052,,0.12768817,0,0.001768968,0.038944677,,,8.29908E-05,0.004,,,,,0,0,5.06E-08,3.24E-08,0,0,0,0,0,,,10.72527009
02-05-2025,9.202601303,,0.49845813,0.011177703,0.38167082,0.611724764,0.00052,,0.129725256,0.070531068,0.02049407,0.038939677,,,5.75968E-05,0.004,,,,,0,0,5.06E-08,3.24E-08,0,0,0,,0,,,10.96990047
03-05-2025,9.701813591,1.409314195,1.874428508,0.011177703,0.544376385,0.54,0.004005806,,0.130046256,,0.000431419,0.039059677,,,9.59862E-05,0.004,,,,,0,0,7.59E-08,4.86E-08,0,0,0,,0,,,14.25874965
04-05-2025,9.024,,1.831049137,0.011177703,0.48,0.540000071,0.003745806,,0.129650256,,0.000431419,0.038939677,,,5.75908E-05,0.004,,,,,0,0,5.06E-08,3.24E-08,0,0,0,,,,,12.06305174
05-05-2025,9.024,,1.837363396,0.011177703,0.547198605,0.652505112,0.003745806,,0.129698256,0.05226977,0.000431419,0.038944677,,,7.79968E-05,0.004,,,,,0,0,5.06E-08,3.24E-08,0,0,0,,,,,12.30141282
06-05-2025,9.024,,1.837333292,0.011177703,0.50908194,0.58500274,0.003776328,,0.129650256,0.044899272,0.000431419,0.038939677,,,5.75908E-05,0.004,,,,,0,0,5.06E-08,3.24E-08,0,0,0,,,,,12.1883503
07-05-2025,9.024,,1.837327878,0.011177703,0.4871375,0.562500747,0.004036677,,0.129971256,0.007113315,0.0004366,0.039059677,,,9.59922E-05,0.004,,,,,0,0,7.59E-08,4.86E-08,0,0,0,,,,,12.10685747
08-05-2025,9.087908224,,1.842491599,0.011177703,0.545072215,0.697516136,0.003829281,,0.12821617,0.053422369,0.000455358,0.038939677,,,6.26034E-05,0.004,,,,,0,0,5.06E-08,3.24E-08,0,0,0,,,,,12.41309142
09-05-2025,9.024,,1.831041524,0.011177703,0.48,0.540000089,0.00377022,,0.129599256,,0.000460906,0.038944677,,,7.79974E-05,0.004,0,,,,0,0,5.06E-08,3.24E-08,0,0,0,,,,,12.06307245
10-05-2025,9.024,,1.837328202,0.011177703,0.48,0.540000079,0.00403022,,0.129734256,,0.000460906,0.039054677,,,7.55922E-05,0.004,,,,,0,0,7.59E-08,4.86E-08,0,0,0,,,,,12.06986176
11-05-2025,9.024,,1.837332054,0.011177703,0.48,0.540000013,0.00377022,,0.129539256,,0.000460906,0.038944677,,,7.79974E-05,0.004,,,,,0,0,5.06E-08,3.24E-08,0,0,0,,,,,12.06930291
12-05-2025,9.024,,1.8373279,0.011177703,0.48,0.540000104,0.00377022,,0.129500256,,0.000460906,0.038939677,,,5.80154E-05,0.004,,,,,0,0,5.06E-08,3.24E-08,0,0,0,,,,,12.06923486
13-05-2025,9.024,,1.837327915,0.011177703,0.48,0.540000091,0.00377022,,0.125506998,,0.000460906,0.038944677,,,7.88088E-05,0.004,,,,,0,0,5.06E-08,3.24E-08,0,0,0,,,,,12.0652674
14-05-2025,9.110349112,,1.846775305,0.011177703,0.517225,0.540000085,0.00403022,,0.125701998,,0.000460906,0.039054677,,,9.88196E-05,0.004,,,,,0,0,7.59E-08,4.86E-08,0,0,0,,,,,12.19887395
15-05-2025,9.3024,,1.856937384,0.011177703,0.6,0.540000026,0.00377022,,0.129539256,,0.000460906,0.039431366,,,8.38188E-05,0.004,,,,,0,0,5.06E-08,3.24E-08,0,0,0,,,,,12.48780076
16-05-2025,13.58405759,19.083438,2.863987873,0.011177703,1.028043165,1.125007114,0.586255016,,0.174206008,0,0.000460906,0.038939677,,,5.84148E-05,0.004,,,,,0,0,5.06E-08,3.24E-08,0,0,0,,,,,38.49963155
17-05-2025,16.1856,28.8,3.210104428,0.011177703,1.3266668,1.620013869,0.867592938,,0.196434384,1.6E-09,0.000460906,0.038944677,,,7.88188E-05,0.004,,,,,0,0,5.06E-08,3.24E-08,0,0,0,,,,,52.26107461
18-05-2025,16.1856,28.8,3.169795166,0.011177703,1.324425085,1.620018125,0.868217244,,0.196644384,3.9E-09,0.000460906,0.039054677,,,7.68258E-05,0.004,,,,,0,0,7.59E-08,4.86E-08,0,0,0,,,,,52.21947024
19-05-2025,16.1856,28.8,3.219680154,0.011177703,1.324416755,1.620017325,0.866568342,,0.196425384,0,0.000460906,0.038944677,,,7.88244E-05,0.004,,,,,0,0,5.06E-08,3.24E-08,0,0,0,,,,,52.26737015
20-05-2025,14.72935866,15.66617117,3.171039852,0.404280604,1.299162505,1.530033821,0.519041287,,0.173633008,0.807942656,0.00179831,0.038939677,,,0.000264809,0.004,,,,,0,0,5.06E-08,3.24E-08,0,0,0,,,,,38.34566644
21-05-2025,15.14137234,14.4,3.154990616,1.133740116,1.8124986,2.002581015,0.478630498,,0.194550384,2.285784626,0.00179831,0.038944677,,,0.000656819,0.004,,,,,0,0,5.06E-08,3.24E-08,0,0,0,,,,,40.64954808
22-05-2025,15.2064,14.4,3.187265597,1.264903226,1.9522736,2.161420086,0.858392146,,0.194763384,2.644841995,0.000460906,0.039054677,,,8.18292E-05,0.004,,,,,0,0,7.59E-08,4.86E-08,0,0,0,,,,,41.91385757
23-05-2025,13.00859057,6.497100168,2.369427209,0.522257023,1.255802785,1.552544964,0.595181331,,0.176945266,1.175686033,0.000460906,0.038944677,,,7.88088E-05,0.004,,,,,0.0000015,0,5.06E-08,3.24E-08,0,0,0,,,,,27.19702133
24-05-2025,11.4048,,1.861431586,0.023745948,0.720958335,1.080036242,0.003251896,,0.16190832,,0.000460906,0.038939677,,,5.84184E-05,0.0032,,,,,0.000001,0,5.06E-08,3.24E-08,0,0,0,,,,,15.29879241
25-05-2025,11.4048,,1.867699637,0.011177703,0.72,1.080016236,0.00325022,,0.16229232,,0.000460906,0.039059677,,,9.72138E-05,0.0032,,,,,0.000002,0,7.59E-08,4.86E-08,0,0,0,,,,,15.29205604
26-05-2025,11.4048,,1.86141118,0.011177703,0.72,1.080020475,0.00325022,,0.16190832,,0.000460906,0.038939677,,,5.84148E-05,0.0032,,,,,0.000001,0,5.06E-08,3.24E-08,0,0,0,,,,,15.28522798
27-05-2025,11.4048,,1.854624224,0.011177703,0.72,1.080019238,0.00325022,,0.16198332,,0.000460906,0.038944677,,,0.000078825,0.0032,,,,,0.0000015,0,5.06E-08,3.24E-08,0,0,0,,,,,15.2785407
28-05-2025,11.47681989,,1.869381755,0.420734651,0.772366665,1.08003151,0.00351022,,0.160624234,,0.000460906,0.038939677,,,5.84184E-05,0.0032,,,,,0.000001,0,5.06E-08,3.24E-08,0,0,0,,,,,15.82612901
29-05-2025,11.88015189,,1.909099273,15.79328791,0.92756111,1.080014996,0.00403022,,0.177188266,,0.000460906,0.039059677,,,0.000102233,0.0032,,,,,0.000002,0,7.59E-08,4.86E-08,0,0,0,,,,,31.81415861
30-05-2025,11.95752389,,1.914815672,22.87861434,0.958358335,1.080014095,0.00377022,,0.194223384,,0.000460906,0.038939677,,,5.84148E-05,0.0032,,,,,0.000001,0,5.06E-08,3.24E-08,0,0,0,,,,,39.02998001
31-05-2025,11.9616,,1.906834861,23.53337125,0.96,1.080017201,0.00377022,,0.194280384,,0.000460906,0.038944677,,,8.38184E-05,0.0032,,,,,0.0000015,0,5.06E-08,3.24E-08,0,0,0,,,,,39.6825649
01-06-2025,11.9616,,1.933096735,23.53621696,0.96,1.08001401,0.00078,,0.200000002,,0.00047627,0.040345003,,,7.68262E-05,0.004,,,,,0,0,7.59E-08,4.86E-08,0,0,0,0,,,,39.71660593
02-06-2025,11.91805809,,1.926937223,18.64923404,1.00912083,1.080015849,0.00052,,0.200153002,,0.00047627,0.040235003,,,8.38154E-05,0.004,,,,,0,0,5.06E-08,3.24E-08,0,0,0,,,,,34.8288342
03-06-2025,12.15977956,,1.947259515,0.745160247,1.22420972,1.080021842,0.003853334,,0.195167446,,0.00047627,0.040230003,,,5.84212E-05,0.004,,,,,0,0,5.06E-08,3.24E-08,0,0,0,,,,,17.40021644
04-06-2025,13.28542382,,2.041485671,59.90180418,2.385845825,1.533642432,0.222959167,,0.201005002,1.175181599,0.00047627,0.040235003,,,8.88148E-05,0.004,,,,,0,0,5.06E-08,3.24E-08,0,0,0,,0,,,80.79214787
05-06-2025,13.09338587,0.719434888,2.014210854,23.10011053,2.413558325,1.973862939,0.39488111,,0.200678002,1.976787935,0.001813675,0.040230003,,,5.84184E-05,0.004,,,,,0,0,5.06E-08,3.24E-08,0,0,0,,,,,45.93301264
06-06-2025,12.7968,,1.998689322,2.822291548,2.058887495,1.620084645,0.291113333,,0.201056002,1.346895888,0.00047627,0.040350003,,,0.000107223,0.004,,,,,0,0,7.59E-08,4.86E-08,0,0,0,,,,,23.18075185
07-06-2025,12.7968,,1.998225564,2.8742165,2.05315554,1.620036729,0.290880723,,0.200648002,1.297800163,0.00047627,0.040230003,,,5.84184E-05,0.004,,,,,0,0,5.06E-08,3.24E-08,0,0,0,,,,,23.176528
08-06-2025,12.7968,,1.997950154,2.824099861,2.05326805,1.620043828,0.290880726,,0.200732002,1.298396166,0.00047627,0.040235003,,,0.000083815,0.004,0,,,,0,0,5.06E-08,3.24E-08,0,0,0,,,,,23.12696596
09-06-2025,12.7968,,1.990354444,2.862621054,2.340438985,2.070073604,0.422423808,,0.200690002,2.24461818,0.001813675,0.040230003,,,0.001032609,0.004,,,,,0,0,5.06E-08,3.24E-08,0,0,0,,,,,24.97509645
10-06-2025,12.97269745,,2.014608154,3.352925503,2.931943115,2.745138475,0.858755374,,0.200786002,3.845432884,0.00315108,0.040235003,,,0.000201254,0.004,,,,,0,0,5.06E-08,3.24E-08,0,0,0,,0,,,28.96987437
11-06-2025,13.0944,,2.023679126,4.837667186,3.05094166,2.70013269,0.892230781,,0.200972002,3.989356877,0.00047627,0.040345003,,,0.00013178,0.004,,,,,0,0,7.59E-08,4.86E-08,0,0,0,,,,,30.8343335
12-06-2025,15.86111076,,2.096217938,4.382610683,2.89802497,2.407576354,0.655355998,,0.195188446,3.225976981,0.00047627,0.040235003,,,0.000162652,0.004,,,,,0,0,5.06E-08,3.24E-08,0,0,0,,,,,31.76693614
13-06-2025,14.36597468,,2.015601868,2.636566328,1.792915245,1.597535852,0.232610504,,0.195116446,1.27478314,0.001813675,0.040230003,,,5.24739E-05,0.004,,,,,0,0,5.06E-08,3.24E-08,0,0,0,,0,,,24.15720029
14-06-2025,11.4048,,1.871681193,0.057356405,0.72,1.080012181,0.003880536,,0.200732002,,0.00047627,0.040235003,,,0.000141053,0.004,,,,,0,0,5.06E-08,3.24E-08,0,0,0,,,,,15.38331472
15-06-2025,11.4048,,1.878689965,0.011550293,0.72095417,1.080012956,0.004138562,,0.200972002,,0.00047627,0.040345003,,,0.000131782,0.004,,,,,0,0,7.59E-08,4.86E-08,0,0,0,,,,,15.34607113
16-06-2025,11.4048,,1.878703335,0.011550293,0.76774722,1.080021042,0.204161013,,0.200738002,0.513787591,0.00047627,0.040235003,,,0.000223164,0.004,,,,0.0000005,0,0,5.06E-08,3.24E-08,0,0,0,,0,,,16.10644352
17-06-2025,11.4048,,1.878697838,0.011550293,1.61128192,1.636877541,0.492641367,,0.200648002,2.61403374,0.619694664,0.040230003,,,0.000496956,0.004,,,,0.00000025,0,0,5.06E-08,3.24E-08,0,0,0,,0,,,20.51495266
18-06-2025,11.4048,,1.878711194,0.011550293,2.37602361,2.193777056,0.751894403,,0.201056002,3.392545821,1.262986297,0.040350003,,,0.000136977,0.004,,,,,0,0,7.59E-08,4.86E-08,0,0,0,,,,,23.51783178
19-06-2025,11.74501189,,1.956951457,0.011550293,2.522829185,2.194948597,1.004567749,,0.200573002,3.399664964,1.271010625,0.040230003,,,0.00022414,0.004,,,,,0,0,5.06E-08,3.24E-08,0,0,0,,,,,24.35156198
20-06-2025,11.9616,,2.012728646,0.011550293,1.892612545,1.729702996,0.606181158,,0.195059446,1.91404472,0.711960603,0.040235003,,,0.000183243,0.004,,,,,0,0,5.06E-08,3.24E-08,0,0,0,,,,,21.07985874
21-06-2025,11.9616,,2.013225986,0.011550293,0.96,1.080020668,0.004925335,,0.200558002,,0.00047627,0.040230003,,,8.84448E-05,0.004,,,,,0,0,5.06E-08,3.24E-08,0,0,0,,,,,16.27667508
22-06-2025,11.9616,,2.013264503,0.011550293,0.96,1.080017414,0.005698564,,0.200864002,,0.00047627,0.040350003,,,0.000151269,0.004,,,,,0,0,7.59E-08,4.86E-08,0,0,0,,,,,16.27797244
23-06-2025,11.9616,,2.006165887,0.011550293,0.96,1.080013637,0.004918564,,0.200528002,,0.000514515,0.040230003,,,0.000729244,0.004,,,,0.0000035,0.000001,0,5.06E-08,3.24E-08,0,0,0,,,,,16.27025473
24-06-2025,11.9616,,2.012828805,0.011550293,0.96,1.080017049,0.004918564,,0.200576002,,0.000815561,0.040235003,,,0.000128236,0.0032,,,,,0.0000015,0,5.06E-08,3.24E-08,0,0,0,,,,,16.2758711
25-06-2025,11.9616,,2.014661752,0.011550293,0.96,1.080016255,0.004918564,,0.200528002,,0.000815561,0.040230003,,,9.92381E-05,0.0032,,,,,0.000001,0,5.06E-08,3.24E-08,0,0,0,,,,,16.27762075
26-06-2025,11.9616,,2.013099258,0.011550293,1.04078057,1.147526203,0.080379173,,0.200576002,0.190187428,0.06233618,0.040245003,,,0.000512416,0.0032,,,,,0.0000015,0,5.06E-08,3.24E-08,0,0,0,,,,,16.75199411
27-06-2025,12.12219378,,2.42776916,0.011550293,1.556993075,1.50898609,0.382746608,,0.200792002,1.213218952,0.000815561,0.040345003,,,0.000418846,0.0032,,,,,0.0000015,0,7.59E-08,4.86E-08,0,0,0,,,,,19.46903099
28-06-2025,11.9616,,2.005997,0.011550293,1.79120423,1.620111136,0.509866469,,0.199187113,1.666519638,0.000815561,0.040235003,,,0.000222863,0.0032,,,,,0.0000015,0,5.06E-08,3.24E-08,0,0,0,,,,,19.81051089
29-06-2025,11.9616,,2.012028688,0.011550293,1.790226375,1.620119269,0.509869768,,0.199139113,1.667472257,0.000815561,0.040230003,,,0.000181463,0.0032,,,,,0.000001,0,5.06E-08,3.24E-08,0,0,0,,,,,19.81643387
30-06-2025,13.46503152,,2.064498855,0.011550293,1.34517223,1.215046647,0.161672557,,0.200576002,0.444661222,0.001414669,0.040235003,,,0.000613582,0.0032,,,,,0.0000015,0,5.06E-08,3.24E-08,0,0,0,,,,,18.95367416
01-07-2025,14.3424,,2.058057572,0.011177703,1.2,1.080019862,0.0052,,0.193548384,,0.002666335,0.038939677,,,0.000201115,0.004,,,,,0,0,5.06E-08,3.24E-08,0,0,0,0,,,,18.93621073
02-07-2025,14.3424,,2.065509775,0.011177703,1.2,1.080027771,0.00806,,0.193548384,,0.002666335,0.039059677,,,0.000387059,0.004,,,,,0,0,7.59E-08,4.86E-08,0,0,0,,,,,18.94683683
03-07-2025,14.3424,,2.064693933,0.011177703,1.2,1.080017689,0.009725806,,0.186011868,,0.002666335,0.038939677,,,0.000570258,0.004,,,,,0,0,5.06E-08,3.24E-08,0,0,0,,,,,18.94020335
04-07-2025,14.88237671,0.857327039,2.138085391,0.011177703,1.239808335,1.080019195,0.260395554,,0.194163384,,0.002666335,0.038944677,,,0.000360661,0.004,,,,,0,0,5.06E-08,3.24E-08,0,0,0,,,,,20.70932507
05-07-2025,14.3424,,2.066258415,0.011177703,1.2,1.080016848,0.017565806,,0.192996298,,0.002666335,0.039054677,,,0.000369279,0.004,,,,,0,0,7.59E-08,4.86E-08,0,0,0,,,,,18.95650549
06-07-2025,14.3424,,2.05815517,0.011177703,1.2,1.080022443,0.014705806,,0.194127384,,0.002666335,0.038954677,,,0.000321543,0.004,,,,,0,0,5.06E-08,3.24E-08,0,0,0,,,,,18.94653114
07-07-2025,14.49300356,2.267997168,2.427884444,0.011177703,1.216458335,1.080035356,0.106662582,,0.199830728,,0.002666335,0.038939677,,,0.000337122,0.004,,,,,0,0,5.06E-08,3.24E-08,0,0,0,,,,,21.8489931
08-07-2025,14.3424,,2.065120131,0.011177703,1.2,1.080015651,0.015570649,,0.194208384,,0.002666335,0.038954677,,0.09,0.000576382,0.004,0,,,,0,0,5.06E-08,3.24E-08,0,0,0,,0,,,19.04468999
09-07-2025,14.3424,,2.066173321,0.011177703,1.2,1.080076474,0.019210649,,0.194430384,,0.002666335,0.039054677,,0.24,0.000757373,0.004,,,,,0,0,7.59E-08,4.86E-08,0,0,0,,,,,19.19994704
10-07-2025,14.37397134,,2.062695736,0.054860291,1.22429861,1.080021106,0.016610649,,0.194229384,,0.002666335,0.038944677,,0.24,0.00089312,0.004,,,,,0,0,5.06E-08,3.24E-08,0,0,0,,,,,19.29319133
11-07-2025,14.3424,,2.065890881,0.011177703,1.2,1.080018772,0.015819448,,0.194136384,,0.002666335,0.038939677,,0.24,0.000676546,0.004,,,,,0,0,5.06E-08,3.24E-08,0,0,0,,,,,19.19572583
12-07-2025,14.3424,,2.065458482,0.011177703,1.2,1.080018982,0.015830649,,0.194202384,,0.002666335,0.038944677,,0.24,0.000776626,0.004,,,,,0,0,5.06E-08,3.24E-08,0,0,0,,,,,19.19547592
13-07-2025,14.3424,,2.065884807,0.011177703,1.2,1.080038303,0.019210649,,0.194430384,,0.002666335,0.039054677,,0.23,0.000860181,0.004,,,,,0,0,7.59E-08,4.86E-08,0,0,0,,,,,19.18972316
14-07-2025,14.46195089,,2.070888471,0.225407078,1.30011666,1.080017863,0.019550649,,0.194289384,,0.002666335,0.038944677,,0.23,0.000779743,0.004,,,,,0,0,5.06E-08,3.24E-08,0,0,0,,,,,19.62861183
15-07-2025,14.6208,,2.086526056,0.517371253,1.44,1.080021678,0.024470649,,0.194136384,,0.002666335,0.038939677,,0.23,0.000767866,0.004,,,,,0,0,5.06E-08,3.24E-08,0,0,0,,,,,20.23969998
16-07-2025,14.6208,,2.087645004,0.517371513,1.44,1.080016103,0.028110649,,0.194496384,,0.002666335,0.039059677,,0.24,0.001171333,0.004,,,,,0,0,7.59E-08,4.86E-08,0,0,0,,,,,20.25533712
17-07-2025,14.6208,,2.086555901,0.517371511,1.44,1.08003304,0.026590649,,0.194136384,,0.002666335,0.038939677,,0.24,0.001332728,0.004,,,,,0,0,5.06E-08,3.24E-08,0,0,0,,,,,20.25242631
18-07-2025,14.92534349,,2.118209868,0.789470419,1.63550139,1.080010964,0.037430649,,0.194211384,,0.002666335,0.038944677,,0.24,0.00099617,0.004,,,,,0,0,5.06E-08,3.24E-08,0,0,0,,,,,21.06678543
19-07-2025,15.1776,,2.151425282,0.999564798,1.8,1.080013006,0.045670649,,0.194136384,,0.002666335,0.038939677,,0.24,0.000906644,0.004,,,,,0,0,5.06E-08,3.24E-08,0,0,0,,,,,21.73492286
20-07-2025,15.1776,,2.149290505,0.999565058,1.8,1.080019139,0.049690649,,0.194496384,,0.002666335,0.039059677,,0.25,0.00120158,0.004,,,,,0,0,7.59E-08,4.86E-08,0,0,0,,,,,21.74758945
21-07-2025,15.1776,,2.148784752,0.526703101,1.74517361,1.080009106,0.033650649,,0.194145384,,0.002666335,0.038939677,,0.24,0.00154831,0.004,,,,,0,0,5.06E-08,3.24E-08,0,0,0,,,,,21.19322101
22-07-2025,15.1776,,2.152636635,0.075134763,1.68,1.080013737,0.023150649,,0.194253384,,0.002666335,0.038944677,,0.24,0.001166031,0.004,,,,,0,0,5.06E-08,3.24E-08,0,0,0,,,,,20.66956629
23-07-2025,15.1776,,2.143207259,0.081558326,1.68,1.080011068,0.023670649,,0.194136384,,0.002666335,0.038939677,,0.24,0.001138718,0.0032,,,,,0.000001,0,5.06E-08,3.24E-08,0,0,0,,,,,20.6661295
24-07-2025,15.1776,,2.148556815,0.073752638,1.68,1.080016305,0.025310649,,0.194202384,,0.002666335,0.038944677,,0.23,0.001733754,0.0032,,,,,0.0000015,0,5.06E-08,3.24E-08,0,0,0,,,,,20.65598514
25-07-2025,15.1776,,2.152940694,0.063912295,1.68095972,1.080011838,0.029690649,,0.194328384,,0.002666335,0.038964677,,0.17,0.001392636,0.0032,,,,,0.000001,0,5.55E-08,3.45E-08,0,0,0,,,,,20.59566832
26-07-2025,15.1776,,2.150149807,0.057345831,1.68,1.080012683,0.036300649,,0.194304384,,0.002666335,0.039034677,,0.24,0.001402593,0.0032,,,,,0.000002,0,0.000000071,4.65E-08,0,0,0,,,,,20.66201908
27-07-2025,15.1776,,2.142446241,0.051682598,1.68,1.080014269,0.450910649,,0.192792298,,0.002666335,0.038939677,,0.23,0.001245991,0.00539,,,,,0.000001,0,5.06E-08,3.24E-08,0,0,0,,,,,21.05368914
28-07-2025,15.18457355,,2.150963372,0.040768689,1.68,1.080081487,0.487430649,,0.194496384,,0.002666335,0.039059677,,0.2,0.001479649,0.00608,,,,,0.000002,0,7.59E-08,4.86E-08,0,0,0,,,,,21.06760191
29-07-2025,15.18467741,,2.151854415,0.031422513,1.68,1.08008296,0.486500649,,0.194136384,,0.002666335,0.038939677,,0.23,0.001334333,0.00608,,,,,0.000001,0,5.06E-08,3.24E-08,0.000000054,0,0,,,,,21.08769581
30-07-2025,13.68486034,,2.108772857,0.022246173,1.60442639,1.080119219,0.478610649,,0.194202384,,0.002666335,0.038944677,,0.24,0.001502946,0.00608,,,,,0.0000015,0,5.06E-08,3.24E-08,0.000000054,0,0,,,,,19.4624336
31-07-2025,12.80884663,,2.066777284,0.022246173,1.56,1.080086849,0.471900649,,0.194136384,,0.002666335,0.038939677,,0.21,0.002241834,0.00608,,,,,0.000002,0,5.06E-08,3.24E-08,0.000000054,0,0,,0,,,18.46392396
01-08-2025,12.7968,,2.07639815,0.022246173,1.56,1.080016226,0.04013,,0.193548384,,0.002666335,0.039059677,,0.19,0.00159563,0.004,,,,,0,0,7.59E-08,4.86E-08,0,0,0,0,,,,18.0064607
02-08-2025,12.7968,,2.076274532,0.022246173,1.56,1.080012902,0.03764,,0.193548384,,0.002666335,0.038939677,,0.15,0.001000663,0.004,,,,,0,0,5.06E-08,3.24E-08,0,0,0,,,,,17.96312875
03-08-2025,12.7968,,2.075977752,0.022246173,1.560954165,1.080016447,0.040345806,,0.194202384,,0.002666335,0.038944677,,0.24,0.000928016,0.004,,,,,0,0,5.06E-08,3.24E-08,0,0,0,,,,,18.05708184
04-08-2025,12.7968,,2.075961851,0.022246173,1.56,1.08001492,0.040345806,,0.194136384,,0.002666335,0.038939677,,0.21,0.000895788,0.004,,,,,0,0,5.06E-08,3.24E-08,0,0,0,,,,,18.02600702
05-08-2025,12.7968,,2.06703428,0.022246173,1.56095139,1.080058613,0.044505806,,0.194496384,,0.002666335,0.039059677,,0.19,0.001094497,0.004,,,,,0,0,7.59E-08,4.86E-08,0,0,0,,,,,18.00291328
06-08-2025,12.7968,,2.0755255,0.022246173,1.56,1.080045733,0.039910649,,0.194106384,,0.002666335,0.038939677,,0.24,0.000886701,0.004,,,,,0,0,5.06E-08,3.24E-08,0,0,0,,,,,18.05512724
07-08-2025,12.7968,,2.076246244,0.022246173,1.56,1.080013597,0.039910649,,0.194124384,,0.002666335,0.038944677,,0.22,0.001724075,0.004,0,,,,0,0,5.06E-08,3.24E-08,0,0,0,,,,,18.03667622
08-08-2025,12.7968,,2.076111466,0.27302588,1.622645835,1.080024606,0.044250649,,0.194082384,,0.002666335,0.038939677,,0.17,0.001130497,0.004,,,,,0,0,5.06E-08,3.24E-08,0,0,0,,,,,18.30367741
09-08-2025,12.7968,,2.076113908,0.504439866,1.68,1.080103997,0.048250649,,0.18870004,,0.002666335,0.038939677,,0.1,0.000955696,0.004,,,,,0,0,5.06E-08,3.24E-08,0,0,0,,,,,18.52097025
10-08-2025,12.7968,,2.069452172,0.504439877,1.68,1.080052233,0.052330649,,0.194388384,,0.002666335,0.039059677,,0.24,0.001192937,0.004,,,,,0,0,7.59E-08,4.86E-08,0,0,0,,,,,18.66438239
11-08-2025,13.8298444,,2.1078971,0.504439892,1.735681945,1.080019759,0.048550649,,0.194076384,,0.002666335,0.038939677,,0.24,0.001043075,0.004,,,,,0,0,5.06E-08,3.24E-08,0,0,0,,,,,19.7871593
12-08-2025,15.08928066,,2.166714308,0.504439817,1.82911667,1.080015612,0.048650649,,0.194223384,,0.002666335,0.038954677,,0.18,0.00130425,0.004,,,,,0,0,0.000000053,3.32E-08,0,0,0,,,,,21.13936645
13-08-2025,16.51010669,0.269953694,2.974916502,0.504439853,1.93092778,1.147609983,0.127018879,,0.18817204,,0.003703904,0.048365284,,0.16,0.002854556,0.004,,,,0.000000125,0,,,,,0,,,0,,,23.87206929
14-08-2025,26.69436087,2.4,5.083116136,0.504439862,2.28,1.620476191,0.74554842,,0.18822004,,0.011628497,0.119015805,,0.24,0.018695376,0.004,,,,,0,0,,,,0,,,,,,39.90950119
15-08-2025,27.1018015,2.4,5.420719287,0.504439863,2.28137083,1.620840753,0.761753167,,0.192204298,,0.013473832,0.118950805,,0.24,0.018520033,0.004,,,,,,,,,,0,,,,,,40.67807437
16-08-2025,31.53616288,2.4,6.058197578,0.504439862,2.28,1.620515659,0.922907298,,0.192252298,,0.015889373,0.119020805,,0.23,0.018766642,0.00887,,,,,0,0,,,,0,,,,,,45.90702239
17-08-2025,31.23245171,2.4,6.021497754,0.504439874,2.086044445,1.620475833,0.92340417,,0.193548384,,0.015889373,0.119010805,,0.16,0.018951212,0.00665,,,,,,,,,,0,,,,,,45.30236356
18-08-2025,30.97936378,2.4,5.993326995,0.504439857,1.92,1.62061979,0.92294176,,0.193596384,,0.015889373,0.119015805,,0.14,0.018801221,0.00464,,,,,0,0,,,,0,,,,,,44.83263497
19-08-2025,30.97936364,2.4,5.995934717,0.504439856,1.92,1.620490808,0.922718564,,0.193548384,,0.015889373,0.119015805,,0.15,0.018785228,0.00506,,,,,,,,,,0,,,,,,44.84524637
20-08-2025,30.97936368,2.4,6.128289243,0.504439999,2.8506708,2.385595429,1.242362322,,0.193596384,1.092429635,0.698060704,0.119015805,,0.09,0.019042991,0.00611,,,,,0.0000005,0,,,,0,,,,,,48.70897749
21-08-2025,31.4271012,2.4,6.232518018,0.504439884,3.096445815,2.340632204,1.784861824,,0.193548384,1.154390544,0.727420649,0.118950805,,0.19,0.018821004,0.00608,,,,,,,,,,0,,,,,,50.19521033
22-08-2025,31.19059039,2.4,6.137956595,0.504439874,2.1939764,1.800604805,1.643975259,,0.193596384,0.214703312,0.15586857,0.119015805,,0.24,0.019063699,0.00608,,,,,0.0000005,0.0000004,,,,0,0,,,,,46.81987199
23-08-2025,30.97936378,2.4,5.994242689,0.504439859,1.92,1.62047213,1.573074582,,0.193548384,,0.026211166,0.119015805,,0.19,0.019075562,0.00608,,,,,,,,,,0,,,,,,45.54552395
24-08-2025,31.175624,2.4,6.007280699,0.94789828,2.049279165,1.620487817,1.584181453,,0.193608384,,0.026211166,0.119015805,,0.11,0.018976538,0.00611,,,,,0.0000005,0.0000004,,,,0,,,,,,46.25867421
25-08-2025,31.72611953,2.4,6.053747073,2.670725031,2.19762917,1.620521747,1.616092483,,0.193593384,,0.026211166,0.119010805,,0.16,0.019163345,0.00608,,,,,,,,,,0,,,,,,48.80889373
26-08-2025,31.84024766,2.4,6.054708945,2.957908107,2.16,1.620573886,1.618456128,,0.193596384,,0.026211166,0.119005805,,0.17,0.019163558,0.00608,,,,,0.0000005,0.0000004,,,,0,,,,,,49.18595254
27-08-2025,31.84354342,2.4,6.31022958,3.000087265,2.16,1.620908123,1.655662007,,0.193548384,,0.030332275,0.118960805,,0.21,0.018781955,0.00608,,,,,,,,,,0,,,,,,49.56813382
28-08-2025,31.85058973,2.4,6.688064038,2.994795645,2.227558335,1.621269604,1.63972873,,0.211195502,,0.033548453,0.119015805,,0.23,0.019160065,0.00608,,,,,0.0000005,0.0000004,,,,0,,,,,,50.04100681
29-08-2025,2.673482122,7.740879828,6.997938631,2.989964727,2.2051389,1.62466255,1.812168665,,0.207754244,,0.037088102,0.119010805,,0.03,0.018909404,0.00611,,,,,,,,,,0,,,,,,26.46310798
30-08-2025,0.022130244,2.4,6.056797729,2.972491684,2.16,1.621083109,1.531107369,,0.193614384,,0.037293427,0.119015805,,,0.018800643,0.00608,,,,,0.0000005,0.0000004,,,,0,,,,,,17.13841529
31-08-2025,0.027735295,2.4,6.057063532,2.997530605,2.16,1.621161333,1.533209422,,0.193548384,,0.037293425,0.119000805,,,0.01871295,0.00608,,,,,,,,,,0,,,,,,17.17133575
01-09-2025,0.0001635,12.29425217,7.074488237,2.965328618,2.243747215,1.620511107,0.382724479,,0.223611113,,0.038536538,0.122406675,,,0.018757338,0.004,,,,,0,0.0000004,,,,0,,0,,,,26.98852739
02-09-2025,0.000163759,6.859369164,6.725691127,3.096556167,2.19666667,1.62150682,1.082637556,,0.211111113,,0.040123325,0.122451675,,,0.018826248,0.004,,,,,,,,,,0,,,,,,21.97910362
03-09-2025,0.000163878,2.4,6.262485327,3.203719601,2.16,1.620538156,0.937929489,,0.200000002,,0.047627104,0.122456675,,,0.018681219,0.004,,,,,0,0.0000004,,,,0,,,,,,16.97760185
04-09-2025,0.00016379,2.4,6.13795491,3.163526399,2.16,1.620507475,0.937990432,,0.194444446,,0.047976791,0.122456675,,,0.018659038,0.004,,,,,,,,,,0,,,,,,16.80767996
05-09-2025,0.000161764,2.4,6.271687692,3.156975197,2.16,1.620564338,0.937603283,,0.200000002,,0.049226299,0.122401675,,,0.018550178,0.004,,,,,0,0.0000004,,,,0,,,,,,16.94117083
06-09-2025,0.000163845,2.4,6.137232126,3.168522176,2.16,1.620480341,0.937529378,,0.198611113,,0.051777252,0.122446675,,,0.018662539,0.004,0,,,,,,,,,0,,,,,,16.81942545
07-09-2025,0.000163943,2.4,6.139662014,3.146933358,2.16,1.620483906,0.936627372,,0.200084002,,0.051777252,0.122456675,,,0.018717835,0.004,,,,,0,0.0000004,,,,0,,,,,,16.80090676
08-09-2025,0.000163966,2.4,6.338528648,3.133036139,2.16096111,1.620495382,0.937711963,,0.200000002,,0.053398133,0.122451675,,,0.018689867,0.004,,,,,,,,,,0,,,,,,16.98943688
09-09-2025,0.000162434,2.4,6.242415527,3.152241398,2.16,1.620505915,0.937909721,,0.200084002,,0.058462794,0.122401675,,,0.018601199,0.004,,,,,0,0.0000004,,,,0,,,,,,16.91678506
10-09-2025,0.000164414,2.4,6.3508372,3.140195894,2.16,1.620516943,0.938665573,,0.200000002,,0.062543894,0.122446675,,,0.018953341,0.004,,,,,,,,,,0,0,,,,,17.01832393
11-09-2025,0.000164093,2.4,6.227961345,3.168618793,2.13188611,1.620835747,0.939521112,,0.200084002,,0.068839299,0.122456675,,,0.018782568,0.004,,,,,0,0.0000004,,,,0,,,,,,16.90315014
12-09-2025,0.00016285,5.995921668,6.554155934,3.153647102,2.28768473,1.778044465,1.111177935,,0.209953224,0.000172942,0.207276283,0.122441675,,,0.018758346,0.004,,,,,,,,,,0,,,,,,21.44339715
13-09-2025,0.000163542,2.4,6.074864821,3.138004077,2.04,1.620564584,0.946526454,,0.200084002,,0.073911876,0.122411675,,,0.018724329,0.004,,,,,0,0.0000004,,,,0,,,,,,16.63925576
14-09-2025,0.006732811,2.4,6.072555637,3.145240443,2.04,1.621149356,0.946982236,,0.200000002,,0.073911876,0.122456675,,,0.018793935,0.004,,,,,,,,,,0,,,,,,16.65182297
15-09-2025,0.007003189,2.4,6.163887418,3.169368096,2.04281944,1.620760583,0.947427046,,0.200096002,,0.074549299,0.122456675,,,0.018858674,0.004,,,,,0,0.0000004,,,,0,,,,,,16.77122682
16-09-2025,0.00710026,2.4,6.250165696,3.199233907,2.053347225,1.620658466,1.637261003,,0.200036002,,0.078081774,0.122396675,,,0.01865822,0.004,,,,,,,,,,0,,,,,,17.59093923
17-09-2025,0.007183736,5.99610816,6.551092271,3.207471882,2.06984583,1.620673546,1.744401372,,0.209110335,,0.085551895,0.122451675,,,0.018889827,0.00832,,,,,0,0.0000004,,,,0,,,,,,21.64110093
18-09-2025,0.007560008,7.490571336,6.790968737,3.460072935,2.23037223,1.645457418,1.828073075,,0.211897113,0.000005761,0.086021863,0.122451675,,,0.018874707,0.00835,,,,,,,,,,0,,,,,,23.90067686
19-09-2025,0.010084941,2.4,6.311131601,3.684761565,2.28,1.621636979,1.523080536,,0.200009002,,0.090314852,0.122451675,,,0.018901209,0.00838,,,,,,,,,,0,,,,,,18.27075236
20-09-2025,0.009092867,2.4,6.094359708,3.682050017,2.28095833,1.621354893,1.317325489,,0.200147002,,0.092661223,0.122441675,,,0.01889322,0.00835,,,,,0,0.0000004,,,,0,,,,,,17.84763483
21-09-2025,0.007627487,2.4,6.092147246,3.693839435,2.28,1.626930155,1.318207804,,0.200000002,,0.092661223,0.122401675,,,0.018866671,0.00832,,,,,,,,,,0,,,,,,17.8610017
22-09-2025,0.007303183,2.4,6.112969918,3.88313981,2.309172225,1.620770887,1.323344435,,0.200159002,,0.092661223,0.122461675,,,0.019019157,0.00653,,,,,0.0000005,0.0000004,,,,0,,,,,,18.09753241
23-09-2025,0.007726735,2.4,6.114222912,4.992598449,2.31646806,1.620783365,1.327162156,,0.200075002,,0.092661223,0.122456675,,,0.018992465,0.00464,,,,,,,,,,0,,,,,,19.21778704
24-09-2025,0.007672713,2.4,6.117285193,4.312340061,2.09875971,1.620632384,1.232410573,,0.200258002,,0.09670792,0.122396675,,,0.018907473,0.00371,,,,,0.0000005,0.0000004,,,,0,,,,,,18.2310816
25-09-2025,0.006944756,2.4,5.559027592,0.55036145,1.92,1.620669231,1.06231561,,0.200000002,,0.099782997,0.122451675,,,0.019052616,0.0032,,,,,,,,,,0,,,,,,13.56380593
26-09-2025,0.007285848,2.4,5.602624418,0.633180975,1.93417361,1.620597351,1.062227386,,0.200264002,,0.103091728,0.122456675,,,0.019123671,0.0032,,,,,0.0000005,0.0000004,,,,0,,,,,,13.70822656
27-09-2025,0.011170053,2.4,5.476525071,0.530132728,1.92,1.620694539,1.056108095,,0.200000002,,0.105936091,0.122451675,,,0.01910647,0.0032,,,,,,,,,,0,,,,,,13.46532472
28-09-2025,0.009642211,2.4,5.473444513,0.537024236,1.921381945,1.620644543,1.040052894,,0.200138002,,0.105936091,0.122396675,,,0.019028885,0.0032,,,,,0.0000005,0.0000004,,,,0,,,,,,13.45289089
29-09-2025,0.006815719,2.4,5.477409141,0.960027196,2.042627015,1.82338192,1.177249779,,0.200411002,0.000285811,0.10606289,0.122456675,,,0.019178145,0.0032,,,,,,,,,,0,,,,,,14.33910529
30-09-2025,0.007150162,2.680486332,5.633085207,4.548080273,2.65481158,2.408475548,1.654401383,,0.201814891,0.000974976,0.106150361,0.122456675,0,,0.01924253,0.02807,,,,,0.0000005,0.0000004,,,,0,,,,,,20.06520082
01-10-2025,0.000162683,2.4,5.52285614,6.310814797,3.080672665,2.70037368,0.761289978,,0.193548384,0.000239623,0.103050575,0.118995805,0,,0.019152422,0.004,,,,,,,,,,0,,0,,,,21.21515675
02-10-2025,0.000163219,2.4,5.439391389,6.310215571,3.08328935,2.700549088,0.780221031,,0.18817204,0.000235719,0.105389822,0.118965805,0,,0.019196337,0.004,,,,,0,0.0000004,,,,0,,,,,,21.14978977
03-10-2025,0.000163779,2.4,5.564942129,6.496967034,3.093886655,2.700538426,0.890041004,,0.193548384,0.00022589,0.106514007,0.119015805,0,,0.01911065,0.004,,,0.00002,,0,0.0000004,,,,0,0,,,,,21.58897416
04-10-2025,0.000163905,2.4,5.439850348,6.310150772,3.080143455,2.700595214,1.518802549,,0.18817204,0.000228974,0.109060673,0.119015805,0,,0.0191627,0.004,,,,,0,0.0000004,,,,0,,,,,,21.88934683
05-10-2025,0.00016406,2.4,5.441293015,6.312183717,3.080911555,2.700557869,1.519285555,,0.193548384,0.00026383,0.109060673,0.119015805,0,,0.019167145,0.00751,,,0.00002,,0,0.0000004,,,,0,0,,,,,21.90298201
06-10-2025,0.000163871,3.543513528,6.063666157,7.089045317,3.212183825,2.700593776,1.818029216,,0.20902333,0.000235261,0.109060673,0.119015805,0,,0.019208558,0.02977,0,,,,0,0.0000004,,,,0,,,,,,24.91350972
07-10-2025,0.000162991,4.8,6.664518826,6.545899049,3.28128518,2.70056914,2.312787141,,0.226490448,0.000307701,0.109060673,0.118955805,0,,0.01908635,0.01747,,,,,,,,,,0,,,,,,26.7965933
08-10-2025,0.000164145,4.8,6.820797871,6.6495168,3.41026855,2.700563564,2.316063723,,0.226379448,0.000237982,0.111220523,0.119015805,0,,0.019314487,0.01834,,,,,0,0.0000004,,,,0,,,,,,27.1918833
09-10-2025,0.000163872,14.408706,7.80348703,6.454998774,3.670461605,2.700569904,2.700155942,,0.24962791,0.000278799,0.11178103,0.119010805,0,,0.019331758,0.01828,,,0.00001,,,0.0000004,,,,0,,,,,,38.25686383
10-10-2025,0.000162343,12.47259567,7.615068348,6.313967986,3.639232445,2.700581949,2.61681478,,0.244005566,0.000796881,0.11178103,0.119010805,0,,0.019331518,0.01015,,,0.00001,,0,0.0000004,,,,0,0,,,,,35.86350972
11-10-2025,0.000163323,4.8,6.749120038,6.312828883,3.44355876,2.700555986,2.306591473,,0.226094448,0.000538257,0.11178103,0.118960805,0,,0.019363632,0.00922,,,,,,,,,,0,,,,,,26.79877663
12-10-2025,0.000163558,4.8,6.750693312,6.312094054,3.438335125,2.700576667,2.306973567,,0.226241448,0.00052738,0.11178103,0.119015805,0,,0.019552507,0.0091,,,,,0,0.0000004,,,,0,,,,,,26.79505485
13-10-2025,0.000163812,4.8,6.757999316,6.404999403,3.444692125,2.700646229,2.307173563,,0.226226448,0.000531409,0.11178103,0.119015805,0,,0.019576008,0.02257,,,,,,,,,,0,,,,,,26.91537515
14-10-2025,0.000163106,4.8,6.762217467,6.530230004,3.48758108,2.700575568,2.311650004,,0.224963362,0.000487586,0.11178103,0.119030805,0,,0.019690969,0.01033,,,0.00005,,0,0.0000012,,,,0,0,,,,,27.07875218
15-10-2025,0.000162866,4.8,6.886856678,6.317522505,3.448468535,2.70056333,2.309452678,,0.226100448,0.000604684,0.112849816,0.118950805,0.104909099,,0.019574954,0.01036,,,,,0,,,,,0,,,,,,27.0563764
16-10-2025,0.000163837,4.8,6.784488829,6.316685883,3.495536615,2.700792361,2.305478209,,0.219380018,0.000773529,0.115686602,0.119010805,0.35856,,0.019789334,0.00928,,,,,,,,,,0,,,,,,27.24562602
17-10-2025,0.000164332,4.8,6.906416092,6.316782572,3.56281023,2.700540271,2.404828037,,0.226262448,0.000689617,0.118011651,0.119030805,0.35856,,0.020534177,0.01282,,,0.00008,,0,0.0000228,,,,0,0,,,0,0,27.54755303
18-10-2025,0.000162354,4.8,6.807535878,6.051441773,3.419515775,2.700576865,2.985872374,,0.226103448,0.000549996,0.118408499,0.118965805,0.335271493,,0.019867466,0.03691,,,0.00002,,,0.0000004,,,,0,0,,,,,27.62120212
19-10-2025,0.00016374,4.8,6.79990228,5.832504317,3.324160195,2.700551679,2.976719924,,0.226190448,0.000473444,0.1184085,0.119010805,0.3168,,0.020073491,0.00835,,,0.00001,,0,0.0000004,,,,0,0,,,,,27.24331922
20-10-2025,0.000160213,4.8,6.664170303,5.805505523,3.11983115,2.700972632,2.725742362,,0.225941448,0.000472874,0.1184085,0.118890805,0.307658457,,0.019710217,0.00751,,,,,0,,,,,0,0,,,,,26.61497448
21-10-2025,0.000163356,4.8,6.814074047,5.802319043,3.116544625,2.700546275,2.945558308,,0.226181448,0.000471277,0.118408498,0.118965805,0.269764867,,0.020195335,0.01333,,,0.00001,,0,0.0000008,,,,0,0,,,,,26.94653368
22-10-2025,0.000163111,4.8,6.810236719,5.803312123,3.11651965,2.700563386,2.928095804,,0.226094448,0.000475297,0.1184085,0.119020805,0.3168,,0.020341988,0.00593,,,0.00002,,0.0000005,0.0000004,,,,0,0,,,,,26.96598273
23-10-2025,0.000163546,4.8,6.804518238,5.805681453,3.116039035,2.700574112,2.94332204,,0.226181448,0.000480048,0.1184085,0.119020805,0.3168,,0.020448277,0.01505,,,0.00001,,0.0000005,0.0000004,,,,0,0,,,,,26.9866984
24-10-2025,0.000162523,4.8,6.928742799,5.803459629,3.115344675,2.700794066,2.978168748,,0.226094448,0.000480229,0.122110443,0.118950805,0.3168,,0.020360826,0.01001,,,,,,,,,,0,,,,,,27.14147919
25-10-2025,0.000164101,4.8,6.80020433,5.803912882,3.11509328,2.700553267,2.979175753,,0.226178448,0.000479614,0.122377848,0.119020805,0.3168,,0.020657647,0.0113,,,0.00001,,0.0000005,0.0000004,,,,0,,,,,,27.01592887
26-10-2025,0.000164623,4.8,6.803790864,5.802907556,3.1161946,2.701125013,2.958386287,,0.226097448,0.000474067,0.122377848,0.119015805,0.3168,,0.020729269,0.00701,,,,,,,,,,0,,,,,,26.99507338
27-10-2025,0.000164091,4.8,6.801256563,5.803311867,3.11606269,2.700631729,2.930567569,,0.226178448,0.000526426,0.122377848,0.119015805,0.3168,,0.020877821,0.00686,,,0.00001,,0.0000005,0.0000004,,,,0,,,,,,26.96464176
28-10-2025,0.000163284,4.8,6.891912664,5.850850491,3.11540565,2.700582059,3.173077137,,0.226145448,0.000895841,0.122609524,0.118950805,0.3168,,0.020788554,0.01184,,,,,,,,,,0,,,,,,27.35002146
29-10-2025,0.000163605,3.183436056,5.8642485,5.804203227,2.409795905,2.498237034,2.736115961,,0.204418072,0.000401876,0.126005525,0.119025805,0.09464738,,0.021276582,0.04067,,,0.00005,,0,0.0000008,,,,0,0,,,,,23.10269633
30-10-2025,0.000162273,2.4,5.340601102,5.80330793,1.81214586,1.913396948,2.022376434,,0.193641384,0.000272212,0.129136952,0.118960805,0.064359664,,0.021072953,0.01598,,,0.00003,,0.0000005,0.0000008,,,,0,0,,,,,19.83544582
31-10-2025,0.000161914,2.4,5.509989108,5.805325117,1.530488885,1.624404599,1.761310196,,0.193554384,,0.135176319,0.118955805,0.090433157,,0.021166156,0.00938,,,0.00001,,0,0.0000008,,,,0,0,,,,,19.20035644
01-11-2025,0.000162978,2.4,5.430258471,5.805862512,1.56,1.621051895,1.132159633,,0.200000002,,0.142215103,0.122456675,0.05832,,0.021533657,0.004,,,0.00002,,0,0.0000004,,,,0,0,0,,,,18.49804132
02-11-2025,0.000163598,2.4,5.390146355,5.804373552,1.56,1.620490644,0.42755107,,0.200000002,,0.142215103,0.122451675,0.05832,,0.021508673,0.004,,,,,,,,,,0,0,,,,,17.75122067
03-11-2025,0.000163278,2.4,5.372861054,5.804700692,1.52794722,1.621743441,1.156941391,,0.194444446,,0.142215103,0.122461675,0.044467179,,0.020755368,0.004,,,0.00001,,0,0.0000012,,,,0,0,,,,,18.41271205
04-11-2025,0.000163407,2.4,5.322859363,5.802688572,1.440947225,1.621529827,0.431285307,,0.200000002,,0.142215103,0.122396675,0,,0.020587412,0.004,,,0.00001,,0,,,,,0,0,,,,,17.50868289
05-11-2025,0.000164683,2.4,5.378001128,5.805941932,1.525280555,1.623733335,1.158384365,,0.200084002,,0.142215103,0.122471675,0.04939687,,0.02081497,0.004,0,,,,0,0.0000012,,,,0,0,,,,,18.43048982
06-11-2025,0.000163881,2.4,5.392680154,5.804584312,1.56,1.621833817,1.159825119,,0.200000002,,0.142215103,0.122456675,0.061795715,,0.020798991,0.00796,,,0.00002,,,,,,,0,0,,,,,18.49433377
07-11-2025,0.00016444,2.4,5.482123336,5.802088192,1.70839583,1.622592888,1.159347463,,0.200075002,,0.142215103,0.122456675,0.104724295,,0.020792157,0.01636,,,,,0,0.0000004,,,,0,,,,,,18.78133578
08-11-2025,0.000162344,2.4,5.660762543,5.804960292,2.04,1.622181104,1.159748136,,0.200000002,,0.142215103,0.122396675,0.27504,,0.020605181,0.00838,,,,,,,,,,0,0,,,,,19.45645138
09-11-2025,0.000163915,2.4,5.660301785,5.805748112,2.04,1.623358243,1.158083897,,0.200066002,,0.142215103,0.122456675,0.28504,,0.020834322,0.00745,,,0.00001,,0,0.0000004,,,,0,,,,,,19.46572845
10-11-2025,0.000163338,2.4,5.670041762,5.804579032,2.097359725,1.623867859,1.160370176,,0.200006002,,0.142215103,0.122451675,0.287304705,,0.020792973,0.01171,,,0.00002,,0,0.0000004,,,,0,0,,,,,19.54088275
11-11-2025,0.000163052,2.4,5.677027657,5.803129672,2.10789167,1.624273231,1.159133024,,0.200057002,,0.142215103,0.122456675,0.251213813,,0.020901561,0.02341,,,,,0,0.0000004,,,,0,,,,,,19.53187286
12-11-2025,0.00016186,2.4,5.659872111,5.804040912,2.04,1.624585439,0.721830447,,0.200000002,,0.142215103,0.122441675,0.230779343,,0.020694815,0.0073,,,,,,,,,,0,,,,,,18.97392171
13-11-2025,0.000163499,2.4,5.045906342,2.20254931,2.04,1.621067525,0.922435957,,0.200069002,,0.142215103,0.122416675,0.27504,,0.021066097,0.01807,,,,,0,0.0000004,,,,0,0,,,,,15.01099991
14-11-2025,0.000163854,2.4,4.564996288,0.025257568,2.04,1.621604256,0.764374034,,0.200000002,,0.14634707,0.122461675,0.27504,,0.020836024,0.01087,,,,,,0.0000004,,,,0,0,,,,,12.19195117
15-11-2025,0.000162627,2.4,4.316981281,0.025257568,2.04,1.621348493,0.968793821,,0.200060002,,0.150082906,0.122446675,0.27504,,0.020799987,0.00775,,,,,0,0.0000004,,,,0,0,,,,,12.14872376
16-11-2025,0.000164585,2.4,4.418986632,0.025257568,2.04,1.621284012,1.371724846,,0.200000002,,0.152691469,0.122401675,0.27504,,0.020810888,0.00553,,,,,0,,,,,0,0,,,,,12.65389168
17-11-2025,0.00016449,2.4,4.452929836,0.025257568,2.055608335,1.6210782,1.366053036,,0.200057002,,0.153287738,0.122456675,0.27504,,0.020925087,0.00616,,,,,0,0.0000004,,,,0,0,,,,,12.69901837
18-11-2025,0.000162814,2.4,5.584939165,0.025257568,2.16,1.620837313,1.365809576,,0.200000002,,0.154764066,0.122391675,0.27504,,0.020736182,0.00622,,,0.00001,,,,,,,0,0,,,,,13.93616836
19-11-2025,0.000163932,2.4,5.518836859,0.025257568,2.01555417,0.945480281,1.361266421,,0.202834779,,0.162720146,0.122466675,0.27504,,0.021424006,0.00559,,,0.00001,,0,0.0000004,,,,0,0,,,,,13.05664524
20-11-2025,0.000284667,2.4,5.458730446,0.025257568,2.0197,0.541022651,1.363532474,,0.233336335,,0.163092254,0.122456675,0.27504,,0.020940741,0.00823,,,,,,,,,,0,0,,,,,12.63162381
21-11-2025,0.000307138,2.4,5.6947505,0.025257568,2.04,0.540470092,1.366523692,,0.233393335,,0.169373258,0.122401675,0.27504,,0.020851962,0.00562,,,0.00002,,0,0.0000004,,,,0,0,,,,,12.89400962
22-11-2025,0.000309896,2.4,5.477140215,0.025257568,2.04,0.540997775,1.36739323,,0.233333335,,0.170119752,0.122456675,0.27504,,0.020987143,0.00503,,,,,,,,,,0,0,,,,,12.67806559
23-11-2025,0.000309724,2.4,5.474343895,0.025257568,2.04,0.540827048,1.362461057,,0.233393335,,0.170119752,0.122461675,0.27504,,0.021045529,0.00494,,,0.00002,,0.0000005,0.0000004,,,,0,0,,,,,12.67022048
24-11-2025,0.00030902,2.4,5.579647577,0.025257568,2.04,0.541332178,1.366634877,,0.233339335,,0.171038233,0.122396675,0.27504,,0.020878152,0.00479,,,,,,,,,,0,0,,,,,12.78066362
25-11-2025,0.000310551,4.754716164,5.758130787,0.025257568,2.0604375,0.54171241,1.465492938,,0.239197891,,0.173460936,0.122451675,0.279439695,,0.02105928,0.00752,,,0.00003,,0.0000005,0.0000008,,,,0,0,,,,,15.4492187
26-11-2025,0.000310795,16.8,6.730533512,0.025257568,2.16,0.540758973,1.982361223,,0.267821669,,0.173460936,0.122456675,0.33336,,0.021036048,0.00695,,,,,0.0000005,,,,,0,0,,,,,29.1643079
27-11-2025,0.000311202,16.8,6.713093243,0.025257568,2.16,0.540650743,1.982267925,,0.267884669,,0.173460936,0.122456675,0.33336,,0.021116085,0.00725,,,,,0.0000005,0.0000008,,,,0,0,,,,,29.14711035
28-11-2025,0.00030973,16.8,6.694827835,0.025257568,2.16,0.540471181,1.972502301,,0.267821669,,0.173460936,0.122446675,0.33336,,0.021037214,0.00575,,,,,,0.0000004,,,,0,0,,,,,29.11724551
29-11-2025,0.000310692,16.8,6.668849114,0.025257568,2.16,0.540459221,1.981248339,,0.267869669,,0.173460936,0.122416675,0.33336,,0.021105459,0.00557,,,,,0.0000005,0.0000004,,,,0,0,,,,,29.09990857
30-11-2025,0.000310595,16.8,6.682948858,0.025257568,2.16,0.540479203,1.980789109,,0.267824669,,0.173460936,0.122451675,0.33336,,0.021176909,0.00632,,,,,,0.0000004,,,,0,0,,,,,29.11437992
01-12-2025,0.000310354,16.8,6.593615884,0.024442808,2.16,0.540464766,1.238840954,,0.258064512,,0.167865425,0.119020805,0.33336,,0.02114156,0.004,,,,,0,0.0000004,,,,0,0,0,,,,28.26112747
02-12-2025,0.000308342,16.8,6.630333506,0.024442808,2.16,0.540466024,1.261036361,,0.258064512,,0.167865425,0.119000805,0.33336,,0.021038948,0.004,,,,,,,,,,0,0,,,,,28.31991673
03-12-2025,0.0003095,16.8,6.871724743,0.024442808,2.16,0.540476059,1.264443566,,0.258064512,,0.169707337,0.118965805,0.33336,,0.020930165,0.004,,,,,0,0.0000004,,,,0,0,,,,,28.56642489
04-12-2025,0.000310043,16.8,6.603947161,0.024442808,2.16,0.540491498,1.26372496,,0.258064512,,0.174990151,0.119015805,0.33336,,0.021002671,0.004,,,0.00001,,,,,,,0,0,,,,,28.30335961
05-12-2025,0.000308987,16.8,6.710912683,0.024442808,2.021276385,0.540460085,1.264795255,,0.258100512,,0.176889413,0.118965805,0.289763306,,0.020865432,0.004,0,,0.00002,,0,0.0000008,,,,0,0,,,,,28.23080147
06-12-2025,0.000310513,16.8,6.511870386,0.024442808,1.92,0.540461521,1.265515772,,0.259213512,,0.179007377,0.119010805,0.22536,,0.020978272,0.004,,,,,,,,,,0,0,,,,,27.87017097
07-12-2025,0.000311147,16.8,6.431989507,0.024442808,1.77208055,0.540459684,1.265393659,,0.251196996,,0.179007377,0.119020805,0.177051953,,0.02104099,0.004,,,,,0,0.0000004,,,,0,0,,,,,27.58599587
08-12-2025,0.000309446,16.8,6.346163641,0.024442808,1.44,0.540482588,1.266749026,,0.259213512,,0.180214749,0.118955805,0.05832,,0.020858639,0.004,,,,,,,,,,0,0,,,,,27.05971021
09-12-2025,0.000309923,16.8,6.207349806,0.024442808,1.44,0.540465874,1.26419281,,0.259210512,,0.182000777,0.118955805,0.05832,,0.020863254,0.004,,,,,,0.0000004,,,,0,0,,,,,26.92011197
10-12-2025,0.000310077,26.77279867,7.144937764,0.024442808,1.610504165,0.540559568,1.626395683,,0.271652286,,0.182000777,0.119015805,0.132569156,,0.021062758,0.00661,,,,,0,0.0000004,,,,0,0,,,,,38.45285991
11-12-2025,0.000309628,31.2,7.545727162,0.024442808,1.68,0.540498326,1.936154216,,0.291759576,,0.182000777,0.119015805,0.17496,,0.021079725,0.00565,,,,,0,,,,,0,0,,,,,43.72159802
12-12-2025,0.00030875,20.81369083,6.75211718,0.545981463,1.56511945,0.540485765,1.617152485,,0.267557028,,0.184125976,0.119020805,0.172546226,,0.02106451,0.00757,,,,,0,0.0000004,,,,0,0,,,,,32.60674087
13-12-2025,0.00030899,16.8,6.285781323,0.026072079,1.44,0.54046998,1.34463262,,0.24308748,,0.186022505,0.118950805,0.095834618,,0.020947198,0.00409,,,0.00001,,,,,,,0,0,,,,,27.1062076
14-12-2025,0.000309656,16.8,6.227085978,0.024442808,1.44,0.540880324,1.344356001,,0.259279512,,0.186022505,0.119020805,0.05832,,0.021116177,0.00412,,,0.00001,,0,0.0000004,,,,0,0,,,,,27.02496417
15-12-2025,0.000309969,16.8,6.256781224,0.024442808,1.44,0.550138366,1.344441356,,0.259219512,,0.186022505,0.119010805,0.05832,,0.021097103,0.00418,,,,,,,,,,0,0,,,,,27.06396365
16-12-2025,0.000310436,16.8,6.327090006,0.182149874,1.462438895,0.54083139,1.372018273,,0.259312512,,0.18713154,0.119020805,0.099169115,,0.021151796,0.00335,,,0.00002,,0,0.0000004,,,,0,0,,,,,27.37399504
17-12-2025,0.000309179,16.8,6.380685416,0.275343827,1.57104028,0.540512669,1.946760877,,0.259216512,,0.190503135,0.118935805,0.1045655,,0.020979237,0.00341,,,,,,,,,,0,0,,,,,28.21226244
18-12-2025,0.000310351,16.8,6.255513438,0.495567886,1.68,0.540469901,2.128506177,,0.259276512,,0.19306451,0.119015805,0.11664,,0.021193445,0.00329,,,0.00001,,0,0.0000004,,,,0,0,,,,,28.61285842
19-12-2025,0.000309605,16.8,6.220631461,0.495567955,1.68,0.541105613,2.147420518,,0.259201512,,0.19306451,0.119010805,0.11664,,0.021144535,0.00338,,,,,,,,,,0,0,,,,,28.59747651
20-12-2025,0.000310071,16.8,6.241854539,0.495567954,1.68,0.540716766,2.137847207,,0.259282512,,0.19306451,0.119020805,0.11664,,0.021223061,0.00347,,,,,0.0000005,0.0000004,,,,0,0,,,,,28.60899833
21-12-2025,0.0003097,16.8,6.229616599,0.495567954,1.68,0.541102577,2.142399099,,0.259213512,,0.19306451,0.118955805,0.11664,,0.021072951,0.00335,,,,,0,,,,,0,0,,,,,28.60129271
22-12-2025,0.000310435,16.8,6.269119608,0.495567955,1.68,0.540472967,2.147082772,,0.259285512,,0.19306451,0.119010805,0.11664,,0.021220381,0.00332,,,,,0.0000005,0.0000004,,,,0,0,,,,,28.64509585
23-12-2025,0.000309862,16.8,6.25461684,0.495567955,1.68,0.540584373,2.146877512,,0.259216512,,0.19306451,0.119010805,0.11664,,0.021248835,0.00323,,,,,,,,,,0,0,,,,,28.6303672
24-12-2025,0.000309875,16.8,6.267159551,0.495567956,1.68,0.540712451,2.134659761,,0.259279512,,0.19306451,0.119015805,0.11664,,0.021295991,0.00338,,,,,0.0000005,0.0000004,,,,0,0,,,,,28.63108631
25-12-2025,0.000308207,14.46333167,6.111744393,0.495567956,1.72595139,0.540600798,2.055314176,,0.255031254,,0.19306451,0.119000805,0.136127918,,0.021175443,0.00425,,,,,,,,,,0,0,,,,,26.12146852
26-12-2025,0.000310588,2.4,5.059094235,0.495567954,1.68,0.540646428,1.547581366,,0.225875448,,0.19306451,0.118965805,0.11664,,0.021295067,0.0032,,,,,0.0000005,0.0000004,,,,0,0,,,,,12.4022423
27-12-2025,0.000310555,2.4,5.057463405,0.495567953,1.68,0.543159341,1.547679739,,0.225806448,,0.19306451,0.119015805,0.11664,,0.021321317,0.0032,,,,,,,,,,0,0,,,,,12.40322907
28-12-2025,0.00031101,2.4,5.057652798,0.495567886,1.68,0.541542195,1.547641541,,0.225872448,,0.19306451,0.119015805,0.11664,,0.021381274,0.0032,,,,,0.0000005,0.0000004,,,,0,0,,,,,12.40189037
29-12-2025,0.000310961,2.4,5.059717625,0.495567951,1.68,0.541312663,1.542924918,,0.225809448,,0.19306451,0.119010805,0.11664,,0.021305203,0.0032,,,,,,,,,,0,0,,,,,12.39886408
30-12-2025,0.000309529,2.4,5.058072605,0.49556801,1.68,0.541031362,1.557798491,,0.225878448,,0.19306451,0.119010805,0.11664,,0.021208776,0.0032,,,,,0.0000005,0.0000004,,,,0,0,,,,,12.41178344
31-12-2025,0.000310843,2.4,5.057472963,0.495567985,1.68,0.54111345,1.553003606,,0.225809448,,0.19306451,0.118965805,0.11664,,0.021223793,0.0032,,,,,,,,,,0,0,,,,,12.4063724
01-01-2026,0.000310574,2.4,5.056369811,0.495567949,1.68,0.541578159,0.938731987,,0.225806448,,0.19306451,0.119015805,0.11664,,0.021380595,0.004,,,,,0,0.0000004,,,,0,0,0,,,,11.79246624
02-01-2026,0.000310458,2.4,5.057638689,0.495567908,1.68,0.541322126,0.967206003,,0.224462362,,0.19306451,0.119010805,0.11664,,0.021334174,0.004,,,,,,,,,,0,0,,,,,11.82055703
03-01-2026,0.000309303,2.4,5.055769776,0.495567947,1.68,0.543632972,0.971099733,,0.225806448,,0.19306451,0.119015805,0.11664,,0.02119095,0.004,,,,,0,0.0000004,,,,0,0,,,,,11.82609784
04-01-2026,0.000309155,2.4,5.057964521,0.495567956,1.68,0.543079671,0.970257121,,0.225806448,,0.19306451,0.118955805,0.110425022,,0.021040131,0.004,0.18445,,,,,,,,,0,0,,,,,12.00492034
05-01-2026,0.000310024,2.4,5.056352058,0.495567953,1.68,0.542819124,0.971545385,,0.225875448,,0.19306451,0.119015805,0.08352,,0.02124626,0.004,,,,,0,0.0000004,,,,0,0,,,,,11.79331697
06-01-2026,0.000310792,2.4,5.213542208,0.202668851,1.635981945,0.540944762,0.840829466,,0.219098018,,0.194445709,0.119010805,0.08352,,0.02122741,0.004,,,,,,,,,,0,0,,,,,11.47557996
07-01-2026,0.000309253,2.4,5.231229446,0.030877594,1.68,0.541831153,0.758044242,,0.225875448,,0.198262267,0.118960805,0.08352,,0.021124792,0.004,,,,,0,0.0000004,,,,0,0,,,,,11.2940354
08-01-2026,0.000311026,2.4,5.132958963,0.030407804,1.68,0.542611005,0.753161934,,0.223118276,,0.200262825,0.119005805,0.08352,,0.021182611,0.004,,,,,,,,,,0,0,,,,,11.19054025
09-01-2026,0.000311346,2.4,5.168199367,0.029953725,1.73367639,0.541983961,0.753366192,,0.219155018,,0.200262823,0.119020805,0.10684623,,0.021268118,0.004,,,,,0,0.0000004,,,,0,0,,,,,11.29804438
10-01-2026,0.000310844,2.4,5.23084628,0.029527204,1.854445835,0.541332506,0.754924395,,0.225812448,,0.200262826,0.119010805,0.14184,,0.021266758,0.00733,,,,,,,,,,0,0,,,,,11.5269099
11-01-2026,0.000309773,2.4,5.270352644,0.029051241,1.92,0.541944655,0.75703223,,0.225863448,,0.200262826,0.119020805,0.14184,,0.021260681,0.00706,,,,,0,0.0000004,,,,0,0,,,,,11.6339987
12-01-2026,0.000309859,2.4,5.273586546,0.028576837,1.92,0.543746263,0.757161446,,0.225806448,,0.200262825,0.118950805,0.14184,,0.021133636,0.00709,,,,,,,,,,0,0,,,,,11.63846467
13-01-2026,0.000310062,2.4,5.273703024,0.027820559,1.92,0.54377524,0.755414476,,0.217801932,,0.200262826,0.119015805,0.14184,,0.021293088,0.00712,,,,,0,0.0000004,,,,0,0,,,,,11.62835741
14-01-2026,0.00030985,2.4,5.404578093,0.027250265,1.92,0.541762777,0.757078366,,0.225809448,,0.201497002,0.119010805,0.14184,,0.021293658,0.00712,,,,,,,,,,0,0,,,,,11.76755026
15-01-2026,0.000306711,2.4,5.384425699,0.026916268,1.92,0.543135091,0.757002343,,0.219146018,,0.207514689,0.118960805,0.14184,,0.021179894,0.00721,,,,,0,0.0000004,,,,0,0,,,,,11.74763792
16-01-2026,0.000310338,2.4,5.4032492,0.026916268,1.92,0.541381106,0.757354875,,0.219089018,,0.209742134,0.119010805,0.14184,,0.021331569,0.00718,,,,,,,,,,0,0,,,,,11.76740531
17-01-2026,0.000310676,2.4,5.267245541,0.026916268,1.92,0.542386576,1.01259553,,0.225866448,,0.211819625,0.119020805,0.14184,,0.021368858,0.00715,,,,,0,0.0000004,,,,0,0,,,,,11.89652073
18-01-2026,0.000310271,2.4,5.271015014,0.026916268,1.92,0.542494005,1.309796401,,0.225806448,,0.211819625,0.119010805,0.14184,,0.021349423,0.00709,,,,,,,,,,0,0,,,,,12.19744826
19-01-2026,0.000310171,2.4,5.270309338,0.026916268,1.92,0.542158757,1.312970913,,0.225866448,,0.211819625,0.119005805,0.14184,,0.021316285,0.00712,,,,,0,0.0000004,,,,0,0,,,,,12.19963401
20-01-2026,0.000311307,2.4,5.271988066,0.026916268,1.92,0.542066833,1.317398246,,0.225809448,,0.211819625,0.118960805,0.14184,,0.021313015,0.00709,,,,,,,,,,0,0,,,,,12.20551361
21-01-2026,0.000311218,2.4,5.410252008,0.026916268,1.92,0.540830619,1.310455007,,0.224519362,,0.213911466,0.119015805,0.14184,,0.021416415,0.00712,,,,,0,0.0000004,,,,0,0,,,,,12.33658857
22-01-2026,0.000310549,2.4,5.253937632,0.026916268,1.87791111,0.542240247,1.319422544,,0.225809448,,0.216183989,0.119015805,0.139826939,,0.02143119,0.00799,,,,,,,,,,0,0,,,,,12.15099572
23-01-2026,0.000310491,2.4,5.404681435,0.032162456,1.92,0.542017203,1.31080432,,0.225866448,,0.217312489,0.119015805,0.14184,,0.021490087,0.00689,,,,,0.0000005,0.0000004,,,,0,0,,,,,12.34239163
24-01-2026,0.00030893,2.4,5.266089831,0.026916268,1.92,0.5405299,1.313541096,,0.225812448,,0.220279061,0.119010805,0.14184,,0.021448076,0.0065,,,,,,,,,,0,0,,,,,12.20227641
25-01-2026,0.000309085,2.4,5.267544223,0.026916268,1.92,0.540526232,1.315154238,,0.225857448,,0.220279068,0.118970805,0.14184,,0.021369985,0.00626,,,,,0.0000005,0.0000004,,,,0,0,,,,,12.20502825
26-01-2026,0.000310094,2.4,5.267875287,0.026916268,1.92,0.540533049,1.316025824,,0.225806448,,0.220279068,0.119010805,0.14184,,0.021498807,0.00635,,,,,,,,,,0,0,,,,,12.20644565
27-01-2026,0.000310555,2.4,5.225442491,0.026916268,1.85320139,0.540633256,1.307058711,,0.225854448,,0.220279066,0.119015805,0.14184,,0.021560342,0.00641,,,,,0.0000005,0.0000004,,,,0,0,,,,,12.08852323
28-01-2026,0.000310536,2.4,5.195445447,0.026916268,1.8,0.540742321,1.292846979,,0.225806448,,0.220279068,0.119010805,0.14184,,0.021547516,0.00698,,,,,,,,,,0,0,,,,,11.99172539
29-01-2026,0.000310954,2.4,5.238815799,0.026916268,1.88302778,0.540737893,1.309836253,,0.225857448,,0.220279068,0.119015805,0.180167279,,0.021609061,0.00782,,,,,0.0000005,0.0000004,,,,0,0,,,,,12.17439451
30-01-2026,0.000310039,2.4,5.49459301,0.026916268,1.92,0.54219922,1.326953948,,0.225815448,,0.224990847,0.118955805,0.20016,,0.02146394,0.00719,,,,,,,,,,0,0,,,,,12.50954852
31-01-2026,0.000311213,2.4,5.259397575,0.026916268,1.92,0.54128794,1.425963347,,0.224510362,,0.227532912,0.119010805,0.20016,,0.021645924,0.00641,,,,,0.0000005,0.0000004,,,,0,0,,,,,12.37314725
01-02-2026,0.00031091,2.4,5.463110815,0.029800154,1.92,0.541324156,0.722572645,,0.249999994,,0.251911442,0.130070715,0.20016,,0.022046618,0.004,,,,,,,,,,0,0,0,,,,11.93530745
02-02-2026,0.000310498,2.4,5.462422909,0.029800154,1.92,0.541296762,0.760524096,,0.249999994,,0.251911442,0.130080715,0.20016,,0.022048768,0.004,,,,,0,0.0000004,,,,0,0,,,,,11.97255574
03-02-2026,0.000310092,2.4,5.463581664,0.029800154,1.92,0.541293848,0.764343167,,0.249999994,,0.251911442,0.130070715,0.193585386,,0.021870319,0.004,0.2546,,,,,,,,,0,0,,,,,12.22536678
04-02-2026,0.000308831,2.4,5.601850611,0.029800154,1.92,0.540642414,0.761772118,,0.249999994,,0.253206315,0.130075715,0.16704,,0.021950366,0.004,,,,,0,0.0000004,,,,0,0,,,,,12.08064692
05-02-2026,0.0003085,2.4,5.563946165,0.029800154,1.9477875,0.540473428,0.784740474,,0.250002994,,0.256886526,0.130010715,0.178495291,,0.021777839,0.004,,,,,,,,,,0,0,,,,,12.10822958
06-02-2026,0.000309315,2.4,5.540218505,2.549798162,2.192213895,0.540798584,1.039621914,,0.250119994,,0.259447951,0.130075715,0.22536,,0.022005407,0.01186,,,,,0,0.0000004,,,,0,0,,,,,15.16182984
07-02-2026,0.000310075,2.4,5.507262322,4.069986018,2.24364167,0.540727082,1.183144186,,0.249999994,,0.259447951,0.130070715,0.219792432,,0.021958645,0.03346,,,,,,,,,,0,0,,,,,16.85980109
08-02-2026,0.000310768,2.4,5.380749876,4.069582836,2.04,0.540617867,1.18283231,,0.250002994,,0.259447951,0.130070715,0.1836,,0.021959609,0.00991,,,,,,,,,,0,0,,,,,16.46908492
09-02-2026,0.000311132,2.4,5.380963949,4.071067674,2.04,0.540603937,1.183370821,,0.250050994,,0.259447951,0.130075715,0.1836,,0.022008644,0.01099,,,,,0,0.0000004,,,,0,0,,,,,16.47249122
10-02-2026,0.000309922,2.4,5.378432544,4.069947453,2.04,0.54055588,1.184150841,,0.249999994,,0.259447951,0.130080715,0.1836,,0.021966675,0.0097,,,,,,,,,,0,0,,,,,16.46819197
11-02-2026,0.000309827,2.4,5.622915787,4.070282702,2.04,0.540553979,1.183184127,,0.250053994,,0.261305329,0.130015715,0.1836,,0.021889686,0.00853,,,,,0,0.0000004,,,,0,0,,,,,16.71264155
12-02-2026,0.00030938,2.4,5.490116855,4.070100254,2.05365278,0.540581793,1.183592693,,0.249999994,,0.268192548,0.130070715,0.187748103,,0.02202433,0.05626,,,,,,,,,,0,0,,,,,16.65264944
13-02-2026,0.000310203,2.4,5.450412854,4.069524349,2.16,0.54108941,1.184729509,,0.250050994,,0.271180814,0.130065715,0.24192,,0.021980475,0.05503,,,,,0,0.0000004,,,,0,0,,,,,16.77629472
14-02-2026,0.000309346,2.4,5.452508941,4.070380823,2.16,0.54126397,1.184548876,,0.270839326,,0.271180814,0.130020715,0.24192,,0.021893878,0.05398,,,,,,,,,,0,0,,,,,16.79884669
15-02-2026,0.000310028,2.4,5.459984137,4.071133726,2.165975,0.540811646,1.184502655,,0.285762278,,0.271180814,0.130080715,0.24192,,0.022079039,0.01915,,,,,0,0.0000004,,,,0,0,,,,,16.79289044
16-02-2026,0.000309063,2.4,5.526543275,4.070209033,2.28,0.541264151,1.667466201,,0.285717278,,0.271180814,0.130070715,0.29946873,,0.022068149,0.00958,,,,,,,,,,0,0,,,,,17.50387741
17-02-2026,0.000309908,2.4,5.523726889,4.069808828,2.28,0.541013,1.838272538,,0.285762278,,0.271180814,0.130080715,0.30024,,0.022131347,0.01021,,,,,0,0.0000004,,,,0,0,,,,,17.67273672
18-02-2026,0.000310432,2.4,5.528864592,4.069163791,2.28,0.540977319,1.838962629,,0.276788707,,0.271180814,0.130070715,0.30024,,0.022113203,0.05404,,,,,,,,,,0,0,,,,,17.7127122
19-02-2026,0.000309403,2.4,5.649709412,4.069471625,2.30767222,0.541022559,1.842725547,,0.285768278,,0.271780281,0.130020715,0.309229709,,0.021995658,0.0772,,,,,0,0.0000004,,,,0,0,0,,,,17.90690581
20-02-2026,0.000310563,2.4,5.837333002,4.071608791,2.54630417,0.541207739,1.874623936,,0.285720278,,0.27644434,0.130070715,0.38707066,,0.022189567,0.00934,,,,,0,,,,,0,0,,,,,18.38222376
21-02-2026,0.000311266,2.4,5.853324469,4.069110629,2.64,0.541527325,1.899546243,,0.285765278,,0.28258096,0.130075715,0.41688,,0.022226408,0.00928,,,,,0,0.0000004,,,,0,0,,,,,18.55062869
22-02-2026,0.000311218,2.4,5.756399224,4.071348362,2.64,0.541077998,1.889943242,,0.285714278,,0.282645833,0.130070715,0.41688,,0.022193256,0.00794,,,,,,,,,,0,0,,,,,18.44452413
23-02-2026,0.00030846,2.4,5.756331366,4.06964703,2.64,0.541169578,1.882333533,,0.285768278,,0.282645833,0.130070715,0.41688,,0.022172379,0.03059,,,,,0.0000005,0.0000004,,,,0,0,,,,,18.45791807
24-02-2026,0.000309706,2.4,5.754879742,4.070433026,2.64,0.541174819,1.894931071,,0.284229183,,0.282645833,0.130025715,0.41688,,0.022204616,0.00788,,,,,,,,,,0,0,,,,,18.44559371
25-02-2026,0.000308596,2.4,5.98857186,4.070096632,2.64,0.542303539,1.976072617,,0.285762278,,0.28588075,0.130075715,0.41688,,0.022157801,0.03083,,,,,0.0000005,0.0000004,,,,0,0,,,,,18.78894069
26-02-2026,0.000309164,2.4,5.753722182,4.070122633,2.64,0.541954903,2.005397664,172,0.285744278,,0.290672522,0.130010715,0.41688,,0.022177816,0.00821,,,,,,,,,,0,0,,,,,190.5652019
27-02-2026,0.000309408,2.4,5.928836565,4.069965601,2.74115972,0.542280542,2.031458631,,0.285846278,,0.292411184,0.130075715,0.41688,,0.022364771,0.01016,,,,,0.0000005,0.0000004,,,,0,0,,,,,18.87174931
28-02-2026,0.000310796,2.4,5.78665424,4.07086048,2.79729028,0.541408036,2.032048105,,0.285720278,,0.295258135,0.130075715,0.388791735,,0.022389112,0.02978,,,,,0,0.0000004,,,,0,0,,,,,18.78058691
01-03-2026,0.000310611,2.4,5.527973873,4.0655985,2.79729028,0.541004455,0.397704972,,0.258064512,,0.266684762,0.119020805,0.37512,,0.022034021,0.004,,,,,,,,,,,,,,,,
02-03-2026,0.000309634,2.4,5.528632821,4.06803848,2.76,0.540527315,1.177051795,,0.258064512,,0.266684762,0.119000805,0.37512,,0.021902835,0.004,,,,,0,0.0000004,,,,,,,,,,
03-03-2026,0.000328026,2.4,5.879674511,4.066773865,2.76,0.541496069,1.27491599,,0.24193548,,0.267349808,0.118845805,0.391766971,,0.022447741,0.004,,,,,0,0.0000008,,,,,,,,,,
04-03-2026,0.000432673,2.4,5.552348293,4.069273649,2.80152361,0.540901867,1.667438926,,0.256726426,,0.269870784,0.118540805,0.414491922,,0.027864242,0.004,,,,,0,0.0000004,,,,,,,,,,
05-03-2026,0.000430759,2.4,5.699828827,4.067316583,2.818693055,0.541938511,1.673517511,,0.258190512,,0.269870784,0.118530805,0.363647647,,0.027822557,0.004,0.38096,,,,0,,,,,,,,,,,
06-03-2026,0.000429345,2.4,5.540242538,4.066829082,2.81717083,0.947500533,1.661049308,,0.258073512,,0.269870784,0.118485805,0.32544,,0.027775632,0.01321,,,,,0,0.0000004,,,,,,,,,,
07-03-2026,0.000431053,2.4,5.527079007,4.068318628,2.89449028,1.114622063,1.675262981,,0.258139512,,0.269870784,0.118530805,0.317195489,,0.027882805,0.01183,,,,,,,,,,,,,,,,
08-03-2026,0.000430166,2.4,5.456575686,8.100963268,2.852283335,1.114427362,1.448391191,,0.258100512,,0.269870784,0.130141836,0.28368,,0.027908325,0.01048,,,,,0,0.0000008,,,,,,,,,,
09-03-2026,0.000430197,2.4,5.42726639,16.84835339,2.96806389,1.114147293,1.300100775,,0.256852426,,0.269870784,0.14932903,0.28368,,0.027945296,0.01027,,,,,0,,,,,,,,,,,
10-03-2026,0.000430479,2.4,5.428997657,17.91011892,3.456,1.114761976,1.305896131,,0.258190512,,0.269870784,0.14925403,0.28368,,0.027927903,0.01048,,,,,0,0.0000004,,,,,,,,,,
11-03-2026,0.0003677,1.837784528,4.909969992,16.84315819,3.475290285,0.97959701,1.020662049,,0.258166512,,0.269870784,0.134981241,0.28368,,0.022437345,0.01039,,,,,0,,,,,,,,,,,
12-03-2026,0.000146461,,3.197399247,7.436323553,3.377734725,0.406311461,0.059750971,,0.258160512,,0.269870784,0.067106084,0.28368,,0.00373003,0.01066,,,,,0,0.0000004,,,,,,,,,,
13-03-2026,0.000146573,,3.196853112,0.026916268,2.420418103,,0.045752274,,0.258115512,,0.269870784,0.052817902,0.28368,,0.004071608,0.01051,,,,,,,,,,,,,,,,
14-03-2026,0.000146541,,3.191950395,0.026916268,1.80190556,,0.045752274,,0.258067512,,0.269870784,0.052812902,0.279129005,,0.003768775,0.01372,,,,,0,0.0000004,,,,,,,,,,
15-03-2026,0.000146566,,3.130708112,0.026916268,1.78645972,,0.192502274,,0.258118512,,0.269870784,0.052817902,0.24192,,0.003798588,0.01171,,,,,0,0.0000068,,,,,,,,,,
16-03-2026,0.00014647,,3.131691703,0.026916268,1.68,,0.546292274,,0.258130512,,0.269870784,0.052817902,0.24192,,0.004168927,0.01141,,,,,0,0.0000072,,,,,,,,,,
17-03-2026,0.000145846,,3.127134845,0.026916268,1.68,,0.536892274,,0.258124512,,0.269870784,0.052817902,0.240587139,,0.00435966,0.01183,,,,,,,,,,,,,,,,
18-03-2026,0.000146342,,3.068653744,0.026916268,1.675258335,,0.519721074,,0.258067512,,0.269870784,0.052812902,0.20016,,0.0037957,0.02095,,,,,0,0.0000004,,,,,,,,,,
19-03-2026,0.00014655,,3.069420943,0.026916268,1.56,,0.529502703,,0.258112512,,0.269870784,0.052822902,0.20016,,0.003862419,0.02728,,,,,,,,,,,,,,,,
20-03-2026,0.000145858,,3.066747501,0.026916268,1.56,,0.531392703,,0.258070512,,0.269870784,0.052812902,0.20016,,0.003821794,0.01018,,,,,,,,,,,,,,,,
21-03-2026,0.000146233,,3.050521232,0.026916268,1.56,,0.529042703,,0.258070512,,0.269870784,0.052812902,0.188611399,,0.003857303,0.01367,,,,,0,0.0000004,,,,,,,,,,
22-03-2026,0.000146566,,2.912119435,0.026916268,1.53286111,,0.491712703,,0.258112512,,0.269870784,0.052822902,0.110899341,,0.003904064,0.0098,,,,,,,,,,,,,,,,
23-03-2026,0.000145339,,2.88331091,0.026916268,1.294205555,,0.481832703,,0.258067512,,0.269870784,0.052812902,0.097814317,,0.003864334,0.00629,,,,,0.0000005,0.0000004,,,,,,,,,,
24-03-2026,0.000145326,,2.966934662,0.026916268,1.23322778,,0.502282703,,0.258112512,,0.269870784,0.052817902,0.173129705,,0.003921115,0.02933,,,,,0,,,,,,,,,,,
25-03-2026,8.34486E-05,,1.598910776,,1.38841111,,0.321988617,,0.130382342,,0.146180008,0.028656989,0.10842,,0.00019949,0.00886,,,,,,,,,,,,,,,,
