Service,EC2-Instances($),Elastic Container Service for Kubernetes($),EC2-Other($),Relational Database Service($),VPC($),Elastic Container Service($),Elastic Load Balancing($),CloudWatch($),Key Management Service($),Secrets Manager($),EC2 Container Registry (ECR)($),Cost Explorer($),Inspector($),Security Hub($),S3($),Service Catalog($),Location Service($),SQS($),DynamoDB($),SNS($),Glacier($),Step Functions($),Lightsail($),Simple Workflow Service($),CloudShell($),CloudTrail($),Glue($),Tax($),Systems Manager($),CloudFormation($),Lambda($),X-Ray($),Total costs($)
Service total,3655.757728,1017.994786,961.7567257,592.7280531,464.1213103,351.4990903,341.8692779,194.2527944,46.81182688,20.83043382,12.13325789,10.73,4.518564117,1.77238,1.591993477,0.2632,0.0375365,0.0003512,0.00023778,0.0001185,1.63209E-05,1.04498E-05,3.1965E-06,1.62E-07,1.32E-07,0,0,0,0,0,0,0,7678.669695
01-11-2024,10.01280003,,0.539342738,,0.24,,,,0,0.027016666,,,,0.004,6.83012E-05,,0.0003885,0,,0,7.59E-08,4.86E-08,,,,0,0,0,,,,,10.82361636
02-11-2024,10.01280003,,0.538911213,,0.24,,,,0,0.026896666,,,,0.004,4.24672E-05,,0.000259,0,,0,5.06E-08,3.24E-08,,,,0,0,,,,,,10.82290946
03-11-2024,10.01280003,,0.532004623,,0.24,,,,0.000234,0.026901666,,,,0.004,5.78672E-05,,0.000259,0,,0,5.06E-08,3.24E-08,,,,0,0,,,,,,10.81625727
04-11-2024,10.01280003,,0.53969407,,0.24,,,,0.000342,0.027011666,,,,0.004,5.29008E-05,,0.0003885,0,,0,7.59E-08,4.86E-08,,,,0,0,,,,,,10.82428929
05-11-2024,10.01280003,,0.54055024,,0.24,,,,0.000411,0.034898889,,,,0.004,5.78672E-05,,0.000259,0,,0,5.06E-08,3.24E-08,,,,0,0,,,,,,10.83297711
06-11-2024,10.01280003,,0.539690925,,0.24,,,,0.000234,0.040260001,,,,0.004,4.24672E-05,,0.000259,0,,0,5.06E-08,3.24E-08,,,,0,0,,,,,,10.8372865
07-11-2024,10.01280003,,0.539339341,,0.24,,,,0.000348,0.040350001,,,,0.004,6.83008E-05,,0.0003885,0,,0,7.59E-08,4.86E-08,,,,0,0,,,,,,10.8372943
08-11-2024,10.01280003,,0.532434919,,0.24,,,,0.000228,0.040230001,,,,0.004,4.24672E-05,,0.000259,0,,0,5.06E-08,3.24E-08,,,,0,0,,,,,,10.8299945
09-11-2024,10.01280003,,0.538910098,,0.24,,,,0.000234,0.040235001,,,,0.004,5.78678E-05,,0.000259,0,,0,5.06E-08,3.24E-08,,,,0,0,,,,,,10.83649608
10-11-2024,10.01280003,,0.538909828,,0.24,,,,0.000342,0.040345001,,,,0.004,5.29007E-05,,0.0003885,0,,0,7.59E-08,4.86E-08,,,,0,0,,0,,,,10.83683838
11-11-2024,11.16200003,,0.55694436,,0.29907222,,,,0.000234,0.040235001,,,,0.004,5.78674E-05,,0.000259,0.000014,,0,5.06E-08,3.24E-08,,,,0,0,,,,,,12.06281656
12-11-2024,12.39360003,,0.574011893,,0.36,,,,0.000342,0.038678334,,,,0.004,5.29008E-05,,0.0003885,0.0000204,,0,7.59E-08,4.86E-08,,,,0,0,,,,,,13.37109418
13-11-2024,12.39360003,,0.564864306,,0.36,,,,0.000234,0.040235001,,,,0.004,5.78678E-05,,0.000259,0.000014,,0,5.06E-08,3.24E-08,,,,0,0,,,,,,13.36326429
14-11-2024,12.39360003,,0.573676764,,0.36,,,,0.000228,0.040230001,,,,0.004,4.24677E-05,,0.000259,0.0000136,,0,5.06E-08,3.24E-08,,,,0,0,,,,,,13.37204994
15-11-2024,10.61028718,,0.547465953,,0.271129165,,,,0.000234,0.040235001,,,,0.004,5.78672E-05,,0.000259,0.000014,,0,5.06E-08,3.24E-08,,,,0,0,,,,,,11.47368225
16-11-2024,10.01280003,,0.538909817,,0.24,,,,0.000342,0.040345001,,,,0.004,5.29008E-05,,0.0003885,0.0000204,,0,7.59E-08,4.86E-08,,,,0,0,,,,,,10.83685877
17-11-2024,10.01280003,,0.538910614,,0.24,,,,0.000234,0.040235001,,,,0.004,5.78672E-05,,0.000259,0.000014,,0,5.06E-08,3.24E-08,,,,0,0,,,,,,10.83651059
18-11-2024,10.01280003,,0.532470232,,0.24,,,,0.000228,0.040230001,,,,0.004,4.24672E-05,,0.000259,0.0000136,,0,5.06E-08,3.24E-08,,,,0,0,,,,,,10.83004341
19-11-2024,10.02893159,0.290356998,0.926345271,,0.273366665,,,0.013253502,0.008786333,0.040235001,,,,0.004,5.78672E-05,,0.000259,0.000014,,0,5.06E-08,3.24E-08,,,,0,0,,,,,,11.58560631
20-11-2024,10.03390046,0.347571666,1.729053852,,0.36323611,,,0.014585217,0.035268223,0.040345001,,,,0.004,5.29008E-05,,0.0003885,0.0000204,,0,7.59E-08,4.86E-08,,,,0,0,,,,,,12.56842246
21-11-2024,10.01280003,,1.619374764,,0.36,,,,0.033666334,0.040235001,,,,0.004,5.78676E-05,,0.000259,0.000014,,0.0000015,5.06E-08,3.24E-08,,,,0,0,,,,,,12.07040858
22-11-2024,10.01280003,,1.620127992,,0.36,,,,0.033633334,0.040230001,,,,0.004,4.24672E-05,,0.000259,0.0000136,,0.000001,5.06E-08,3.24E-08,,,,0,0,,,,,,12.07110751
23-11-2024,10.01280003,,1.618910222,,0.36,,,,0.033666334,0.040235001,,,,0.004,5.78672E-05,,0.000259,0.000014,,0.0000015,5.06E-08,3.24E-08,,,,0,0,,,,,,12.06994404
24-11-2024,10.01280003,,1.612004872,,0.36,,,,0.033633334,0.040230001,,,,0.0032,4.24672E-05,,0.000259,0.0000136,,0.000001,5.06E-08,3.24E-08,,,,0,0,,,,,,12.06218439
25-11-2024,10.01280003,,1.620217552,,0.36,,,,0.033666334,0.040235001,,,,0.0032,5.78672E-05,,0.000259,0.000014,,0.0000015,5.06E-08,3.24E-08,,,,0,0,,,,,,12.07045137
26-11-2024,10.01280003,,1.620620822,,0.36,,,,0.033783334,0.040345001,,,,0.0032,5.29008E-05,,0.0003885,0.0000204,,0.0000015,7.59E-08,4.86E-08,,,,0,0,,,,,,12.07121261
27-11-2024,10.01280003,,1.619378195,,0.36,,,,0.033666334,0.040235001,,,,0.0032,5.78672E-05,,0.000259,0.000014,,0.0000015,5.06E-08,3.24E-08,,,,0,0,,,,,,12.06961201
28-11-2024,10.01280003,,1.612005569,,0.36,,,,0.033633334,0.040230001,,,,0.0032,4.24672E-05,,0.000259,0.0000136,,0.000001,5.06E-08,3.24E-08,,,,0,0,,,,,,12.06218508
29-11-2024,10.01280003,,1.61976561,,0.536151405,1.986305044,,0.345833333,0.033846334,0.040350001,0.001425941,,,0.0032,6.83008E-05,,0.0003885,0.0000208,,0.000002,7.59E-08,4.86E-08,,,,0,0,,,0,,,14.58015742
30-11-2024,10.01280003,,1.618911066,,0.72,4.069805812,,0.660002507,0.033633334,0.040230001,0.0002229,,,0.0032,4.24672E-05,,0.000259,0.0000136,,0.000001,5.06E-08,3.24E-08,,,,0,0,,,,,,17.1591218
01-12-2024,10.01280003,,1.601521417,,0.72,4.069805299,,0,0.032258064,0.038944677,0.00021571,,,0.004,5.78672E-05,,0.000259,0,,0,5.06E-08,3.24E-08,,,,0,0,0,,,,,16.47986215
02-12-2024,10.01280003,,1.601521322,,0.93632361,5.103678746,0.378059267,0,0.032258064,0.038939677,0.00021571,,,0.004,4.24672E-05,,0.000259,0,,0,5.06E-08,3.24E-08,,,,0,0,,,,,,18.10809798
03-12-2024,10.01280003,,1.595688133,,1.08,5.571193405,0.604930992,0,0.032591064,0.038944677,0.00021571,,,0.004,5.78678E-05,,0.000259,0,,0,5.06E-08,3.24E-08,,,,0,0,,,,,,18.94068096
04-12-2024,10.01280003,,1.602852569,,1.08,5.531150323,0.604835328,0,0.032558064,0.038939677,0.00021571,,,0.004,4.24674E-05,,0.000259,0,,0,5.06E-08,3.24E-08,,,,0,0,,,,,,18.90765325
05-12-2024,10.01280003,,1.602467307,,1.08,5.529180181,0.604962017,0.432258245,0.032741064,0.039059677,0.00021571,,,0.004,6.83007E-05,,0.0003885,0,,0,7.59E-08,4.86E-08,,,,0,0,,,,,,19.33814115
06-12-2024,10.01280003,,1.602857258,,1.08,5.530960921,0.604980486,0.638709677,0.032558064,0.038939677,0.00021571,,,0.004,4.24674E-05,,0.000259,0,,0,5.06E-08,3.24E-08,,,,0,0,,,,,,19.54632337
07-12-2024,10.01280003,,1.594844183,,1.08,5.52917926,0.604967191,0.638709677,0.032741064,0.039059677,0.00021571,,,0.004,5.82956E-05,,0.0003785,0,,0,7.59E-08,4.86E-08,,,,0,0,,,,,,19.53695371
08-12-2024,10.01280003,,1.601525858,,1.08,5.529305223,0.604912925,0.638709677,0.032558064,0.038939677,0.00021571,,,0.004,5.24724E-05,,0.000269,0,,0,5.06E-08,3.24E-08,,,,0,0,,,,,,19.54328872
09-12-2024,10.01280003,,1.601527718,,1.08,5.531152349,0.604863853,0.638709677,0.032591064,0.038944677,0.00021571,,,0.004,5.78678E-05,,0.000259,0,,0,5.06E-08,3.24E-08,,,,0,0,,,,,,19.54512203
10-12-2024,10.01280003,,1.601997633,,1.08,5.529273334,0.604872722,0.638709677,0.032558064,0.038939677,0.00021571,,,0.004,4.24678E-05,,0.000259,0,,0,5.06E-08,3.24E-08,,,,0,0,,0,,,,19.5436684
11-12-2024,10.02919902,,1.605034131,,1.086097225,5.530900439,0.604827184,0.638709677,0.032741064,0.039059677,0.00021571,,,0.004,6.83008E-05,,0.0003885,0,,0,7.59E-08,4.86E-08,,,,0,0,,,,,,19.57124106
12-12-2024,10.01280003,,1.595717812,,1.08,5.529305621,0.604844373,0.638709677,0.032558064,0.038939677,0.00021571,,,0.004,4.24672E-05,,0.000259,0,,0,5.06E-08,3.24E-08,,,,0,0,,,,,,19.53739251
13-12-2024,10.01280003,,1.602875639,,1.08,5.529228378,0.604838898,0.638709677,0.032741064,0.039059677,0.00021571,,,0.004,6.83008E-05,,0.0003885,0,,0,7.59E-08,4.86E-08,,,,0,0,,,,,,19.544926
14-12-2024,10.01280003,,1.601527978,,1.08,5.529100737,0.60485546,0.638709677,0.032558064,0.038939677,0.00021571,,,0.004,4.24676E-05,,0.000259,0,,0,5.06E-08,3.24E-08,,,,0,0,,,,,,19.54300888
15-12-2024,10.01280003,,1.601526504,,1.08,5.531074207,0.604856508,0.638709677,0.032591064,0.038944677,0.00021571,,,0.004,5.78672E-05,0.0007,0.000259,0,,0,5.06E-08,3.24E-08,,,,0,0,,,,,,19.54573532
16-12-2024,10.01280003,,1.596194805,,1.08,5.529335889,0.604832617,0.638709677,0.032558064,0.038939677,0.00021571,,,0.004,4.24672E-05,0.0014,0.000259,0,,0,5.06E-08,3.24E-08,,,,0,0,,,,,,19.53928802
17-12-2024,10.01280003,,1.603280874,,1.08,5.529324276,0.604892866,0.638709677,0.032741064,0.039059677,0.00021571,,,0.004,6.83014E-05,0.0021,0.0003885,0,,0,7.59E-08,4.86E-08,,,,0,0,,,,,,19.5475811
18-12-2024,10.01280037,,1.602886985,,1.08,5.531101578,0.604902888,0.638709677,0.032558064,0.038939677,0.00021571,,,0.004,4.24672E-05,0.0014,0.000259,0,,0,5.06E-08,3.24E-08,,,,0,0,,,,,,19.54781649
19-12-2024,10.0128,,1.60241986,,1.08,5.529292673,0.604830713,0.638717641,0.032582064,0.038944677,0.00021571,,,0.004,5.78678E-05,0.0014,0.000259,0,,0,5.06E-08,3.24E-08,,,,0,0,,,,,,19.54552029
20-12-2024,10.0128,,1.594844253,,1.08,5.52924054,0.604833082,0.638718493,0.032522064,0.038939677,0.00021571,,,0.004,4.24672E-05,0.0014,0.000259,0,,0,5.06E-08,3.24E-08,,,,0,0,,,,,,19.53781537
21-12-2024,10.0128,,1.601526276,,1.08,5.530993569,0.604850694,0.638719213,0.032525064,0.038944677,0.00021571,,,0.004,5.78676E-05,0.0014,0.000259,0,,0,5.06E-08,3.24E-08,,,,0,0,,,,,,19.54629215
22-12-2024,10.0128,,1.601527846,,1.08,5.531055711,0.604853151,0.638720107,0.032636064,0.039054677,0.00021571,,,0.004,5.29016E-05,0.0021,0.0003885,0,,0,7.59E-08,4.86E-08,,,,0,0,,,,,,19.54740479
23-12-2024,10.0128,,1.601526365,,1.08,5.531104345,0.604836284,0.638720928,0.032525064,0.038944677,0.00021571,,,0.0032,5.78672E-05,0.0014,0.000259,0,,0.0000015,5.06E-08,3.24E-08,,,,0,0,,,,,,19.54559182
24-12-2024,10.0128,,1.594844115,,1.08,5.532887012,0.604836638,0.638721448,0.032510064,0.038939677,0.00021571,,,0.0032,4.24672E-05,0.0014,0.000259,0,,0.000001,5.06E-08,3.24E-08,,,,0,0,,,,,,19.54065721
25-12-2024,10.0128,,1.601526902,,1.08,5.531028219,0.604898365,0.638721659,0.032525064,0.037331774,0.00021571,,,0.0032,5.78672E-05,0.0014,0.000259,0,,0.0000015,5.06E-08,3.24E-08,,,,0,0,,,,,,19.54396614
26-12-2024,10.0128,,1.601527442,,1.08,5.529181736,0.604833388,0.638723263,0.032636064,0.039054677,0.00021571,,,0.0032,5.29007E-05,0.0063,0.0003885,0,,0.0000015,7.59E-08,4.86E-08,,,,0,0,,,,,,19.5489153
27-12-2024,10.0128,,1.60152757,,1.08,5.529312192,0.604823277,0.638724139,0.032525064,0.038944677,0.00021571,,,0.0032,5.78672E-05,0.0042,0.000259,0,,0.0000015,5.06E-08,3.24E-08,,,,0,0,,,,,,19.54659108
28-12-2024,10.0128,,1.594843575,,1.08,5.529228233,0.604842752,0.638724387,0.032510064,0.038939677,0.00021571,,,0.0032,4.24676E-05,0.0042,0.000259,0,,0.000001,5.06E-08,3.24E-08,,,,0,0,,,,,,19.53980695
29-12-2024,10.0128,,1.601525937,,1.08,5.531169847,0.604854723,0.638724567,0.032651064,0.039059677,0.00021571,,,0.0032,6.83012E-05,0.0063,0.0003885,0,,0.000002,7.59E-08,4.86E-08,,,,0,0,,,,,,19.55096045
30-12-2024,10.0128,,1.601526738,,1.08,5.529242197,0.604835692,0.638724746,0.032510064,0.038939677,0.00021571,,,0.0032,4.24674E-05,0.0042,0.000259,0,,0.000001,5.06E-08,3.24E-08,,,,0,0,,,,,,19.54649737
31-12-2024,10.0128,,1.601526475,,1.08,5.529233167,0.604826969,0.638724876,0.032525064,0.038944677,0.00021571,,,0.0032,5.78672E-05,0.0042,0.000259,0,,0.0000015,5.06E-08,3.24E-08,,,,0,0,,,,,,19.54651539
01-01-2025,10.0128,,1.6015214,,1.08,5.531089794,0.604839754,0,0.032258064,0.039054677,0.00021571,,,0.004,5.29008E-05,0.0021,0.0003885,0,,0,7.59E-08,4.86E-08,,,,0,0,0,,,,,18.90832092
02-01-2025,10.0128,,1.594838995,,1.08,5.529230611,0.604831244,0,0.032258064,0.038944677,0.00021571,,,0.004,5.78678E-05,0.0014,0.000259,0,,0,5.06E-08,3.24E-08,,,,0,0,,,,,,18.89883625
03-01-2025,10.0128,,1.601521361,,1.08,5.529194105,0.604968803,0,0.032510064,0.038939677,0.00021571,,,0.004,4.24672E-05,0.0014,0.000259,0,,0,5.06E-08,3.24E-08,,,,0,0,,,,,,18.90585127
04-01-2025,10.0128,,1.601529039,,1.08,5.529244969,0.604834177,0,0.032651064,0.039059677,0.00021571,,,0.004,6.83022E-05,0.0021,0.0003885,0,,0,7.59E-08,4.86E-08,,,,0,0,,,,,,18.90689156
05-01-2025,10.0128,,1.601528346,,1.08,5.531104066,0.604823853,0.441532439,0.032510064,0.038949677,0.00021571,,,0.004,4.24678E-05,0.0014,0.000259,0,,0,5.06E-08,3.24E-08,,,,0,0,,,,,,19.34916571
06-01-2025,10.0128,,1.594844161,,1.08,5.529134102,0.604845982,0.638709677,0.032525064,0.038944677,0.00021571,,,0.004,0.000057868,0.0014,0.000259,0,,0,5.06E-08,3.24E-08,,,,0,0,,,,,,19.53773632
07-01-2025,10.0128,,1.601525623,,1.08,5.529320161,0.604830763,0.638709677,0.032636064,0.039054677,0.00021571,,,0.004,5.29008E-05,0.0021,0.0003885,0,,0,7.59E-08,4.86E-08,,,,0,0,,,,,,19.5456342
08-01-2025,9.9716,,1.60340462,,1.08,5.529246761,0.604854207,0.638709677,0.031180978,0.038944677,0.00021571,,,0.004,5.78676E-05,0.0014,0.000259,0,,0,5.06E-08,3.24E-08,,,,0,0,,,,,,19.50387358
09-01-2025,10.0128,,1.602498419,,1.08,5.531104415,0.604844961,0.638709677,0.032510064,0.038939677,0.00021571,,,0.004,4.24672E-05,0.0014,0.000259,0,,0,5.06E-08,3.24E-08,,,,0,0,,0,,,,19.54732447
10-01-2025,10.0128,,1.594842659,,1.08,5.529226745,0.604889264,0.638709677,0.032525064,0.038944677,0.00021571,,,0.004,5.78672E-05,0.0014,0.000259,0,,0,5.06E-08,3.24E-08,,,,0,0,,,,,,19.53787074
11-01-2025,10.0128,,1.601525936,,1.08,5.529304504,0.604860239,0.638709677,0.032636064,0.039054677,0.00021571,,,0.004,5.29008E-05,0.0021,0.0003885,0,,0,7.59E-08,4.86E-08,,,,0,0,,,,,,19.54564833
12-01-2025,10.0128,,1.601528637,,1.08,5.531027769,0.604880075,0.638709677,0.032525064,0.038944677,0.00021571,,,0.004,5.78672E-05,0.0042,0.000259,0,,0,5.06E-08,3.24E-08,,0,,0,0,,,,,,19.54914856
13-01-2025,10.0128,,1.601525941,,1.08,5.529241799,0.604834814,0.638709677,0.032510064,0.038939677,0.00021571,,,0.004,4.24676E-05,0.0042,0.000259,0,,0,5.06E-08,3.24E-08,,0,,0,0,,,,,,19.54727923
14-01-2025,10.0128,,1.603411579,,1.08,5.531089815,0.604889319,0.638709677,0.032525064,0.038944677,0.00021571,,,0.004,5.78672E-05,0.0042,0.000259,0,,0,5.06E-08,3.24E-08,,0,,0,0,,,,,,19.55110279
15-01-2025,10.0128,,1.596239813,,1.08,5.52740066,0.604888505,0.638709677,0.032510064,0.038939677,0.00021571,,,0.004,4.24672E-05,0.0042,0.000259,0,,0,5.06E-08,3.24E-08,,0,,0,0,,,,,,19.54020566
16-01-2025,10.01695556,,1.603546985,,1.080556945,5.530981257,0.604899433,0.638735305,0.032651064,0.039059677,0.00021571,,,0.004,6.83008E-05,0.0063,0.0003885,0,,0,7.59E-08,4.86E-08,,0,,0,0,,,,,,19.55835886
17-01-2025,10.19772865,,1.604890983,,1.09370139,5.529225799,0.604835762,0.638735482,0.032510064,0.038939677,0.00021571,,,0.004,4.24678E-05,0.0042,0.000259,0,,0,5.06E-08,3.24E-08,,0,,0,0,,,,,,19.74928507
18-01-2025,10.0128,,1.601526636,,1.082952785,5.5292,0.604832401,0.638735657,0.032525064,0.038944677,0.00021571,,,0.004,5.78678E-05,0.0042,0.000259,0,,0,5.06E-08,3.24E-08,,0,,0,0,,,,,,19.55024988
19-01-2025,10.0128,,1.594844475,,1.08,5.529117425,0.604830633,0.638735917,0.032510064,0.038939677,0.00021571,,,0.004,4.24672E-05,0.0042,0.000259,0,,0,5.06E-08,3.24E-08,,0,,0,0,,,,,,19.54049545
20-01-2025,10.0128,,1.602434895,,1.08,5.531044191,0.604879312,0.638736052,0.032651064,0.039059677,0.00021571,,,0.004,6.83008E-05,0.0063,0.0003885,0,,0,7.59E-08,4.86E-08,,0,,0,0,,,,,,19.55257783
21-01-2025,13.2343308,,3.143800281,,1.39761945,5.100890077,0.604844325,0.638736222,0.032510064,0.038939677,0.00021571,,,0.004,4.24672E-05,0.0042,0.000259,0,,0,5.06E-08,3.24E-08,,0,,0,0,,,,,,24.20038816
22-01-2025,9.024,,1.946340766,,0.56466667,2.443524415,0.352859497,0.387526704,0.032555064,0.038944677,0.00021571,,,0.004,5.78672E-05,0.0042,0.000259,0,,0.0000015,5.06E-08,3.24E-08,3.1965E-06,0,,0,0,,,0,,,14.79915515
23-01-2025,9.024,,0.483871007,,0.12,,,2.62345E-05,0.032522064,0.038939677,0.00021571,,,0.004,4.24678E-05,0.0042,0.000259,0,,0.000001,5.06E-08,3.24E-08,,0,,0,0,,,,,,9.708077243
24-01-2025,9.024,,0.489818303,,0.12,,,2.43025E-05,0.032669064,0.039059677,0.00021571,,,0.004,0.000068301,0.0063,0.0003885,0,,0.000002,7.59E-08,4.86E-08,,0,,0,0,,,,,,9.716545981
25-01-2025,9.024,,0.489832977,,0.12,,,2.43025E-05,0.032522064,0.038939677,0.00021571,,,0.0032,4.24678E-05,0.0042,0.000259,0,,0.000001,5.06E-08,3.24E-08,,0,,0,0,,,,,,9.713237281
26-01-2025,9.024,,0.489834053,,0.12,,,2.43025E-05,0.032537064,0.038944677,0.00021571,,,0.0032,5.78672E-05,0.0042,0.000259,0,,0.0000015,5.06E-08,3.24E-08,,0,,0,0,,,,,,9.713274257
27-01-2025,9.024,,0.483888765,,0.12,,,2.43025E-05,0.032522064,0.038939677,0.00021571,,,0.0032,4.24672E-05,0.0042,0.000259,0,,0.000001,5.06E-08,3.24E-08,,0,,0,0,,,,,,9.707293068
28-01-2025,9.024,,0.489843488,,0.12,,,2.43025E-05,0.032537064,0.038944677,0.00021571,,,0.0032,5.78672E-05,0.0042,0.000259,0,,0.0000015,5.06E-08,3.24E-08,,0,,0,0,,,,,,9.713283691
29-01-2025,9.024,,0.489851464,,0.12,,,2.43025E-05,0.032654064,0.039054677,0.00021571,,,0.0032,5.29008E-05,0.0063,0.0003885,0,,0.0000015,7.59E-08,4.86E-08,,0,,0,0,,,,,,9.715743242
30-01-2025,9.024,,0.489851489,,0.12,,,2.43025E-05,0.032537064,0.038944677,0.00021571,,,0.0032,5.78672E-05,0.0042,0.000259,0,,0.0000015,5.06E-08,3.24E-08,,0,,0,0,,,,,,9.713291692
31-01-2025,9.024,,0.483876007,,0.12,,,2.43025E-05,0.032522064,0.038939677,0.00021571,,,0.0032,4.24672E-05,0.0042,0.000259,0,,0.000001,5.06E-08,3.24E-08,,0,,0,0,,,,,,9.70728031
01-02-2025,9.024,,0.542308801,,0.12,,,0,0.036125285,0.043207143,0.000238822,,,0.004,0.000068301,0,0.0003885,0,,0,7.59E-08,4.86E-08,,0,,0,0,0,,,,,9.770336976
02-02-2025,9.024,,0.542311937,,0.12,,,0,0.035978285,0.043087143,0.000238822,,,0.004,4.24676E-05,0.0014,0.000259,0,,0,5.06E-08,3.24E-08,,0,,0,0,,,,,,9.771317737
03-02-2025,9.024,,0.542311657,,0.12,,,0,0.036125285,0.043207143,0.000238822,,,0.004,0.000068302,0.0021,0.0003885,0,,0,7.59E-08,4.86E-08,,0,,0,0,,,,,,9.772439833
04-02-2025,9.036549829,,0.543891049,,0.123493055,,,0,0.035978285,0.043087143,0.000238822,,,0.004,4.24672E-05,0.0014,0.000259,0,,0,5.06E-08,3.24E-08,,0,,0,0,,,,,,9.788939733
05-02-2025,9.024,,0.535714295,,0.12,,,0,0.035993285,0.043092143,0.000238822,,,0.004,5.78672E-05,0.0014,0.000259,0,,0,5.06E-08,3.24E-08,,0,,0,0,,,,,,9.764755495
06-02-2025,9.024,,0.542313608,,0.12,,,0,0.036110285,0.043202143,0.000238822,,,0.004,5.29014E-05,0.0021,0.0003885,0,,0,7.59E-08,4.86E-08,,0,,0,0,,,,,,9.772406384
07-02-2025,9.024,,0.542314897,,0.12,,,0,0.035993285,0.043092143,0.000238822,,,0.004,5.78674E-05,0.0014,0.000259,0,,0,5.06E-08,3.24E-08,,0,,0,0,,,,,,9.771356097
08-02-2025,9.024,,0.542314343,,0.12,,,2.69062E-05,0.035978285,0.043087143,0.000238822,,,0.004,4.24678E-05,0.0014,0.000259,0,,0,5.06E-08,3.24E-08,,0,,0,0,,0,,,,9.77134705
09-02-2025,9.024,,0.542314999,,0.12,,,2.69062E-05,0.036125285,0.043207143,0.000238822,,,0.004,6.29008E-05,0.0021,0.0003885,0,,0,7.59E-08,4.86E-08,,0,,0,0,,,,,,9.772464681
10-02-2025,9.029406888,,0.536181394,,0.122454165,,,2.69062E-05,0.035978285,0.043087143,0.000238822,,,0.004,4.24678E-05,0.0014,0.000259,0,,0,5.06E-08,3.24E-08,,0,,0,0,,,,,,9.773075153
11-02-2025,9.024,,0.542316049,,0.12,,,2.69062E-05,0.035993285,0.043092143,0.000238822,,,0.004,5.78678E-05,0.0014,0.000259,0,,0,5.06E-08,3.24E-08,,0,,0,0,,,,,,9.771384156
12-02-2025,9.177132888,,0.559245509,,0.18573611,,,2.69062E-05,0.035978285,0.043087143,0.000238822,,,0.004,4.24672E-05,0.0042,0.000259,0,,0,5.06E-08,3.24E-08,,0,,0,0,,,,,,10.00994721
13-02-2025,9.360823899,,0.598352775,,0.275122225,,,2.69062E-05,0.035993285,0.043092143,0.000238822,,,0.004,5.78678E-05,0.0042,0.000259,0,,0,5.06E-08,3.24E-08,,0,,0,0,,,,,,10.32216701
14-02-2025,12.69506579,8.536458498,1.519502142,,0.4565625,,,0.214289004,0.057717618,0.043202143,0.000238822,,,0.004,5.29008E-05,0.0063,0.0003885,0,,0,7.59E-08,4.86E-08,,0,,0,0,,,,,,23.53377804
15-02-2025,13.9704,14.4,1.963291208,,0.6,,,0.356820974,0.07289257,0.043092143,0.000238822,,,0.004,5.78676E-05,0.0042,0.000259,0,,0,5.06E-08,3.24E-08,,0,,0,0,,,,,,31.41525267
16-02-2025,13.9704,14.4,1.961141119,,0.6,,,0.356927728,0.07286857,0.043087143,0.000238822,,,0.004,4.24672E-05,0.0042,0.000259,0,,0,5.06E-08,3.24E-08,,0,,0,0,,,,,,31.41316493
17-02-2025,14.0696,14.4,1.975426126,,0.63858889,,,0.357019332,0.07308157,0.043207143,0.000238822,,,0.004,6.83008E-05,0.0063,0.0003885,0,,0,7.59E-08,4.86E-08,,0,,0,0,,,,,,31.56791881
18-02-2025,14.93827478,25.278718,2.894394479,,0.76651805,,,0.630231809,0.115159235,0.043087143,0.000238822,,,0.004,4.24676E-05,0.0042,0.000259,0,,0,5.06E-08,3.24E-08,,0,,0,0,,,,,,44.67512387
19-02-2025,15.2472,28.8,3.146842691,,0.84,,,0.866476728,0.144954139,0.043092143,0.000238822,,,0.004,5.78676E-05,0.0042,0.000259,0,,0,5.06E-08,3.24E-08,,0,,0,0,,,,,,49.09732147
20-02-2025,15.334806,28.8,3.151718627,,0.8754625,,,0.713766486,0.144924139,0.043087143,0.000238822,,,0.004,4.24682E-05,0.0042,0.000259,0,,0,5.06E-08,3.24E-08,,0,,0,0,,,,,,49.07250527
21-02-2025,11.22917904,14.84295817,2.731617391,,0.54914861,,,0.390088797,0.112084045,0.043207143,0.000238822,,,0.004,6.83014E-05,0.0063,0.0003885,0,,0,7.59E-08,4.86E-08,,0,,0,0,,,,,,29.90927894
22-02-2025,10.2168,14.4,2.875676598,,0.48,,,0.357721369,0.108702854,0.043087143,0.000238822,,,0.004,4.24672E-05,0.0042,0.000259,0,,0.000001,5.06E-08,3.24E-08,,0,,0,0,,,,,,28.49072934
23-02-2025,10.23888834,14.4,2.886795247,,0.4898,,,0.94573857,0.108762854,0.043092143,0.000238822,,,0.004,5.78672E-05,0.0042,0.000259,0,,0.0000015,5.06E-08,3.24E-08,,0,1.317E-07,0,0,,,,,,29.12183456
24-02-2025,10.22239378,14.4,2.888326734,,0.48,,,0.35811889,0.108702854,0.043087143,0.000238822,,,0.0032,4.24676E-05,0.0042,0.000259,0,,0.000001,5.06E-08,3.24E-08,,0,,0,0,,,,,,28.50857077
25-02-2025,10.2168,14.4,2.892950826,,0.503011105,0.136432345,0.075608047,0.359339743,0.108966854,0.043207143,0.000238822,,,0.0032,6.83018E-05,0.0063,0.0003885,0,,0.000002,7.59E-08,4.86E-08,,0,,0,0,,,,,,28.74651381
26-02-2025,10.4256,14.4,2.901913104,,0.562583335,,,0.357801863,0.108699854,0.043087143,0.000238822,,,0.0032,4.24678E-05,0.0042,0.000259,0,,0.000001,5.06E-08,3.24E-08,,0,,0,0,,,,,,28.80762667
27-02-2025,11.052,14.4,2.973631093,,0.991180555,0.704128998,0.29702451,0.693990503,0.108759854,0.043092143,0.001576226,,,0.0032,5.78672E-05,0.0042,0.000259,0,,0.0000015,5.06E-08,3.24E-08,,0,,0,0,,,,,,31.27310233
28-02-2025,11.13998922,14.4,2.98638326,,1.237980555,1.549006204,0.604870107,0.443722248,0.108906854,0.043202143,0.000238822,,,0.0032,5.29008E-05,0.0063,0.0003885,0,,0.0000015,7.59E-08,4.86E-08,,0,,0,0,,,,,,32.52424244
01-03-2025,11.052,14.4,2.895424083,,1.2,1.495065325,0.604897186,0,0.096774192,0.038944677,0.00021571,,,0.004,5.78682E-05,0.0014,0.000259,0,,0,5.06E-08,3.24E-08,,0,,0,0,0,,,,,31.78903812
02-03-2025,11.052,14.4,2.893483699,,1.2,1.492573255,0.604858385,0.150070991,0.096774192,0.039054677,0.00021571,,,0.004,5.29008E-05,0.0021,0.0003885,0,,0,7.59E-08,4.86E-08,,0,,0,0,,,,,,31.93557243
03-03-2025,11.13890655,14.4,2.904053775,,1.11348758,0.893332781,0.479751722,0.356377009,0.098394192,0.038944677,0.00165099,,,0.004,5.78672E-05,0.0014,0.000259,0,,0,5.06E-08,3.24E-08,,0,,0,0,,,,,,31.43061623
04-03-2025,11.6088,14.4,2.946924203,,1.392353145,0.780153468,0.540031912,0.356426019,0.094301934,0.038939677,0.000431419,,,0.004,4.24672E-05,0.0014,0.000259,0,,0,5.06E-08,3.24E-08,,0,,0,0,,,,,,32.16406333
05-03-2025,11.60398357,14.4,2.964863475,,1.401347665,0.772841798,0.540015926,0.357617055,0.098598192,0.039059677,0.000431419,,,0.004,6.83008E-05,0.0021,0.0003885,0,,0,7.59E-08,4.86E-08,,0,,0,0,,,,,,32.1853157
06-03-2025,11.650898,14.4,2.951776223,0.301123858,1.373677935,0.382500898,0.540056965,0.357890323,0.098706192,0.038939677,0.000431419,,,0.004,4.24672E-05,0.0007,0.0001295,0,,0,5.06E-08,3.24E-08,,0,,0,0,,,,,,32.10087354
07-03-2025,11.70058068,14.4,2.955301848,0.242324703,1.25049866,0.07623551,0.540000034,0.358302477,0.098562192,0.038944677,0.000431419,,,0.004,5.78674E-05,,,0,,0,5.06E-08,3.24E-08,,0,,0,0,,,,,,31.66524015
08-03-2025,11.6088,14.4,2.951648559,0.012874497,1.210302825,0.093210083,0.54000002,0.35849353,0.098346192,0.038939677,0.000431419,,,0.004,4.24676E-05,,,0,,0,5.06E-08,3.24E-08,,0,,0,0,,,,,,31.31708935
09-03-2025,11.6088,14.4,2.947063178,0.011418615,1.20961394,0.087141291,0.540000031,0.35851769,0.098406192,0.038944677,0.000431419,,,0.004,5.78672E-05,,,0,,0,5.06E-08,3.24E-08,,0,,0,0,,,,,,31.30439498
10-03-2025,11.79586466,14.4,2.969397226,0.617598307,1.364665325,0.083058052,0.540000036,0.511892798,0.098640192,0.039054677,0.000431419,,,0.004,5.29012E-05,,,0,,0,7.59E-08,4.86E-08,,0,,0,0,,0,,,,32.42465572
11-03-2025,11.43250823,14.4,2.968579276,5.419131818,1.07562089,0.073335232,0.540000023,0.37081547,0.098514192,0.038944677,0.000431419,,,0.004,5.78672E-05,,,0,,0,5.06E-08,3.24E-08,,0,,0,0,,,,,,36.42193918
12-03-2025,10.3793822,14.4,2.957241417,0.503472916,0.60230004,0.074205856,0.540000047,0.359185268,0.098376192,0.038939677,0.000431419,,,0.004,4.24672E-05,,,0,,0,5.06E-08,3.24E-08,,0,,0,0,,,,,,29.95757758
13-03-2025,10.31353565,14.4,2.978302313,1.082742904,0.697352815,0.082351908,0.540000029,0.359348503,0.098445192,0.038944677,0.000431419,,,0.004,5.78672E-05,,,0,,0,5.06E-08,3.24E-08,,0,,0,0,,,,,,30.59551336
14-03-2025,10.8602281,14.4,3.01486494,0.936075611,0.769737525,0.106940954,0.540000013,0.788954241,0.094565934,0.039054677,0.000431419,,,0.004,5.29012E-05,,,0,,0,7.59E-08,4.86E-08,,0,,0,0,,,,,,31.55490644
15-03-2025,11.2224,14.4,2.991813014,1.024133533,0.848970885,0.081350795,0.540000012,0.359664597,0.098418192,0.038944677,0.000431419,,,0.004,5.78672E-05,,,0,,0,5.06E-08,3.24E-08,,0,,0,0,,,,,,31.61018507
16-03-2025,11.55031281,14.4,2.975069506,1.523211722,0.9844056,0.088372304,0.540000026,0.519292656,0.098415192,0.038939677,0.000431419,,,0.004,4.24672E-05,,,0,,0,5.06E-08,3.24E-08,,0,,0,0,,,,,,32.72249346
17-03-2025,12.22970899,14.4,3.042363282,3.832122074,1.36586671,0.089263775,0.540000042,0.359856925,0.100008278,0.038944677,0.000431419,,,0.004,5.78672E-05,,,0,,0,5.06E-08,3.24E-08,,0,,0,0,,,,,,36.00262412
18-03-2025,11.68126067,14.4,2.898667393,2.397156985,1.097365345,0.080911946,0.540000025,0.426506899,0.098670192,0.039054677,0.000431419,,,0.004,5.29008E-05,,,0,,0,7.59E-08,4.86E-08,,0,,0,0,,,,,,33.66407857
19-03-2025,10.89217112,14.4,2.769434182,1.16902522,0.734184755,0.091787202,0.540000018,0.367030883,0.098526192,0.038944677,0.000431419,,,0.004,5.78672E-05,,,0,,0,5.06E-08,3.24E-08,,0,,0,0,,,0,,,31.10559362
20-03-2025,9.618961494,4.146581664,1.166819957,2.198802289,0.70584308,0.02087254,0.157500016,0.108619475,0.097743192,0.038939677,0.000431419,,,0.004,4.24672E-05,,,0,,0,5.06E-08,3.24E-08,,0,,0,0,,,,,,18.26515735
21-03-2025,10.33196041,,0.552082947,2.164188471,0.810041675,,,0.003706889,0.097653192,0.039059677,0.000431419,,,0.004,6.83008E-05,,,0,,0,7.59E-08,4.86E-08,,0,,0,0,,,,,,14.00319311
22-03-2025,10.28223911,,0.526839716,1.850087669,0.716730555,,,0.003706889,0.097260192,0.038939677,0.000431419,,,0.0032,4.24678E-05,,,0,,0.000001,5.06E-08,3.24E-08,,0,,0,0,,,,,,13.51947877
23-03-2025,10.1376,,0.507873603,1.530694311,0.54976528,,,0.00070903,0.083828332,0.038944677,0.000431419,,,0.0032,5.78678E-05,,,0,,0.0000015,5.06E-08,3.24E-08,,0,,0,0,,,,,,12.8531061
24-03-2025,10.19992588,,0.524826323,1.607440659,0.52280972,,,0.00070903,0.065176128,0.039054677,0.000431419,,,0.0032,5.29014E-05,,,0,,0.0000015,7.59E-08,4.86E-08,,0,,0,0,,,,,,12.96362836
25-03-2025,10.1376,,0.514572529,1.530374901,0.48,,,0.00070903,0.064990128,0.038944677,0.000431419,,,0.0032,5.78674E-05,,,0,,0.0000015,5.06E-08,3.24E-08,,0,,0,0,,,,,,12.77088213
26-03-2025,10.20018522,,0.522348294,1.535518218,0.506980555,,,0.00070903,0.064933128,0.038939677,0.000431419,,,0.0032,4.24684E-05,,,0,,0.000001,5.06E-08,3.24E-08,,0,,0,0,,,,,,12.8732891
27-03-2025,10.41721975,,0.540627948,1.531992203,0.60054861,,,0.00070903,0.065011128,0.038944677,0.000431419,,,0.0032,5.78672E-05,,,0,,0.0000015,5.06E-08,3.24E-08,,0,,0,0,,,,,,13.19874421
28-03-2025,10.70817791,3.902551824,1.094131133,1.531447594,0.648216665,,,0.142399169,0.076771816,0.038939677,0.000431419,,,0.0032,0.000230478,,,0,,0.000001,5.06E-08,3.24E-08,,0,,0,0,,,,0,,18.14649876
29-03-2025,10.55598873,,0.552088915,1.533305183,0.65629861,,,0.00096903,0.065209128,0.038944677,0.000431419,,,0.0032,0.000692439,,,0,,0.0000015,5.06E-08,3.24E-08,,0,,0,0,,,,,,13.40712972
30-03-2025,10.416,,0.540882303,1.538782809,0.6,,,0.00070903,0.065116128,0.038939677,0.000431419,,,0.0032,4.24672E-05,,,0,,0.000001,5.06E-08,3.24E-08,,0,,0,0,,,,,,13.20410492
31-03-2025,10.45636284,,0.545186275,1.543918204,0.616379165,,,0.001201861,0.065506128,0.039059677,0.000431419,,,0.0032,0.000365901,,,0,0.000004125,0.000002,7.59E-08,4.86E-08,,0,,0,0,,,,,,13.27161772
01-04-2025,10.73092613,7.774970166,1.250007732,1.408056726,0.731909715,,0.310791429,0.00026,0.086111112,0.040230001,0.0004458,,,0.004,0.000201641,,,0,0.00022928,0,5.06E-08,3.24E-08,,0,,0,0,0,,,,,22.33813981
02-04-2025,9.61196221,9.760913875,1.030745567,1.119818651,0.28382639,,,0,0.08888889,0.040235001,0.0004458,,,0.004,5.78678E-05,,,0,,0,5.06E-08,3.24E-08,,0,,0,0,,,,,,21.94089433
03-04-2025,9.144339565,6.095863002,0.75825375,1.114537201,0.255923615,,,0.004657363,0.133087446,0.040345001,0.0004458,,,0.004,5.29014E-05,,,0,,0,7.59E-08,4.86E-08,,0,,0,0,,,,,,17.55150577
04-04-2025,9.024,,0.532099765,1.12014149,0.24,,,0.003333334,0.134284334,0.040235001,0.0004458,,,0.004,5.78672E-05,,,0,,0,5.06E-08,3.24E-08,,0,,0,0,,,,,,11.09859767
05-04-2025,9.024,,0.531592525,1.114316156,0.24,,,0.003333334,0.132712446,0.040230001,0.0004458,,,0.004,4.24678E-05,,,0,,0,5.06E-08,3.24E-08,,0,,0,0,,,,,,11.09067281
06-04-2025,9.024,,0.53159301,1.114964088,0.24,,,0.003333334,0.134614334,0.040350001,0.0004458,,,0.004,6.83008E-05,,,0,,0,7.59E-08,4.86E-08,,0,,0,0,,,,,,11.09336899
07-04-2025,9.148717777,1.331519334,0.885194723,1.11997759,0.268016665,,,0.049731921,0.138646001,0.040230001,0.0004458,,,0.004,4.24672E-05,,,0,,0,5.06E-08,3.24E-08,,0,,0,0,,,,,,12.98652236
08-04-2025,9.024,,0.531594112,1.258389116,0.29172778,,0.067500006,0.003358446,0.134332334,0.040235001,0.0004458,,,0.004,5.78672E-05,,,0,,0,5.06E-08,3.24E-08,,0,,0,0,,,,,,11.35564055
09-04-2025,9.362876782,4.64974617,1.099169927,1.369206476,0.478477785,,0.540000102,0.1417931,0.145707446,0.040230001,0.0004458,,,0.004,0.00010286,,,0,,0,5.06E-08,3.24E-08,,0,,0,0,,0,,,,17.83175653
10-04-2025,9.166148776,,0.545136372,1.13052593,0.41732222,,0.540000091,0.004138446,0.134848334,0.040350001,0.0004458,,,0.004,9.10078E-05,,,0,,0,7.59E-08,4.86E-08,,0,,0,0,,,,,,11.9830071
11-04-2025,9.3216,,0.549778743,1.125826698,0.48,,0.540000088,0.003878446,0.134251334,0.040230001,0.0004458,,,0.004,5.76124E-05,,,0,,0,5.06E-08,3.24E-08,,0,,0,0,,,,,,12.20006881
12-04-2025,9.3216,,0.556509672,0.818885013,0.480956945,,0.540000022,0.003878446,0.134389334,0.040235001,0.0004458,,,0.004,7.30012E-05,,,0,,0,5.06E-08,3.24E-08,,0,,0,0,,,,,,11.90097332
13-04-2025,9.3216,,0.556490656,0.373761233,0.48,,0.540000096,0.003878446,0.134251334,0.040230001,0.0004458,,,0.004,5.76064E-05,,,0,,0,5.06E-08,3.24E-08,,0,,0,0,,,,,,11.45471526
14-04-2025,9.3216,,0.556515728,0.130585621,0.48,,0.540000098,0.003878446,0.134389334,0.040235001,0.0004458,,,0.004,7.29908E-05,,,0,,0,5.06E-08,3.24E-08,,0,,0,0,,,,,,11.2117231
15-04-2025,9.3216,,0.556516742,0.101058349,0.48,,0.54000009,0.004138446,0.134710334,0.040345001,0.0004458,,,0.004,7.55922E-05,,,0,,0,7.59E-08,4.86E-08,,0,,0,0,,,,,,11.18289048
16-04-2025,9.3216,,0.548939638,0.27711542,0.529169445,,0.540000017,0.003878446,0.134239334,0.040230001,0.0004458,,,0.004,6.25908E-05,,,0,,0,5.06E-08,3.24E-08,,0,,0,0,,,,,,11.39968077
17-04-2025,9.087591329,,0.543339308,0.536087842,0.50572361,,0.540000083,0.003878446,0.134350334,0.040235001,0.0004458,,,0.004,7.29974E-05,,,0,,0,5.06E-08,3.24E-08,,0,,0,0,,,,,,11.39572483
18-04-2025,9.024,,0.531621633,0.5431485,0.48,,0.54000007,0.003878446,0.134221334,0.040230001,0.0004458,,,0.004,5.76027E-05,,,0,,0,5.06E-08,3.24E-08,,0,,0,0,,,,,,11.30160347
19-04-2025,9.024,,0.532135794,0.543497419,0.48,,0.540000071,0.004138446,0.134794334,0.040350001,0.0004458,,,0.004,9.60048E-05,,,0,,0,7.59E-08,4.86E-08,,0,,0,0,,,,,,11.30345799
20-04-2025,9.024,,0.531614395,0.543218385,0.48,,0.54,0.003878446,0.134221334,0.040230001,0.0004458,,,0.004,5.75907E-05,,,0,,0,5.06E-08,3.24E-08,,0,,0,0,,,,,,11.30166604
21-04-2025,9.024,,0.524609171,0.543246858,0.48,,0.54000008,0.003878446,0.134350334,0.040235001,0.0004458,,,0.0032,7.80028E-05,0,,0,,0,5.06E-08,3.24E-08,,0,,0,0,,,,,,11.29404378
22-04-2025,9.043405831,,0.536877487,0.543279267,0.503676385,0.006865307,0.562503379,0.003878446,0.134206334,0.040230001,0.0004458,,,0.0032,5.75908E-05,,,0,,0.000001,5.06E-08,3.24E-08,,0,,0,0,,,,,,11.37862691
23-04-2025,9.410035101,,0.566372002,0.543640895,0.62660278,,0.540000082,0.003878446,0.134311334,0.040235001,0.0004458,,,0.0032,7.80028E-05,,,0,,0.0000015,5.06E-08,3.24E-08,,0,,0,0,,,,,,11.86880103
24-04-2025,10.02825391,,0.580244893,0.542148211,0.725873615,0.045718677,0.630000107,0.004138446,0.134623334,0.040345001,0.0004458,,,0.0032,8.06088E-05,,,0,,0.0000015,7.59E-08,4.86E-08,,0,,0,0,,,,,,12.73507423
25-04-2025,9.102349944,,0.532872636,0.263486522,0.48401666,0.01106368,0.585000112,0.003878446,0.134323334,0.040235001,0.0004458,,,0.0032,7.79978E-05,,,0,,0.0000015,5.06E-08,3.24E-08,,0,,0,0,,,,,,11.16095172
26-04-2025,9.024,,0.503276806,0.037626329,0.36,,0.540000083,0.003878446,0.134191334,0.040230001,0.0004458,,,0.0032,0.000057601,,,0,,0.000001,5.06E-08,3.24E-08,,0,,0,0,,,,,,10.64690748
27-04-2025,9.024,,0.509782172,0.011550293,0.36526391,0.001762235,0.585000082,0.004138446,0.134605334,0.040350001,0.0004458,,,0.0032,9.59928E-05,,,0,,0.000002,7.59E-08,4.86E-08,,0,,0,0,,,,,,10.68019639
28-04-2025,9.024,,0.509783044,0.011550293,0.3647625,0.004857422,0.562500339,0.003878446,0.134041334,0.040230001,0.0004458,,,0.0032,5.75972E-05,,,0,,0.000001,5.06E-08,3.24E-08,,0,,0,0,,,,,,10.65930786
29-04-2025,9.024,,0.509779977,0.011550293,0.36,,0.540000027,0.003878446,0.129949668,0.040235001,0.0004458,,,0.0032,7.79974E-05,,,0,,0.0000015,5.06E-08,3.24E-08,,0,,0,0,,,,,,10.62311879
30-04-2025,9.026290553,,0.503819012,0.011550293,0.363744445,,0.562500083,0.003878446,0.132652446,0.040230001,0.0004458,,,0.0032,5.76004E-05,,,0,,0.000001,5.06E-08,3.24E-08,,0,,0,0,,,,,,10.64836976
01-05-2025,9.108291465,,0.50216964,0.011177703,0.36672639,0,0.5639,0.00052,0.12768817,0.038944677,0.001768968,,,0.004,8.29908E-05,,,0,,0,5.06E-08,3.24E-08,,0,,0,0,0,,0,,,10.72527009
02-05-2025,9.202601303,,0.49845813,0.011177703,0.38167082,0.070531068,0.611724764,0.00052,0.129725256,0.038939677,0.02049407,,,0.004,5.75968E-05,,,0,,0,5.06E-08,3.24E-08,,0,,0,0,,,0,,,10.96990047
03-05-2025,9.701813591,1.409314195,1.874428508,0.011177703,0.544376385,,0.54,0.004005806,0.130046256,0.039059677,0.000431419,,,0.004,9.59862E-05,,,0,,0,7.59E-08,4.86E-08,,0,,0,0,,,0,,,14.25874965
04-05-2025,9.024,,1.831049137,0.011177703,0.48,,0.540000071,0.003745806,0.129650256,0.038939677,0.000431419,,,0.004,5.75908E-05,,,0,,0,5.06E-08,3.24E-08,,0,,0,0,,,,,,12.06305174
05-05-2025,9.024,,1.837363396,0.011177703,0.547198605,0.05226977,0.652505112,0.003745806,0.129698256,0.038944677,0.000431419,,,0.004,7.79968E-05,,,0,,0,5.06E-08,3.24E-08,,0,,0,0,,,,,,12.30141282
06-05-2025,9.024,,1.837333292,0.011177703,0.50908194,0.044899272,0.58500274,0.003776328,0.129650256,0.038939677,0.000431419,,,0.004,5.75908E-05,,,0,,0,5.06E-08,3.24E-08,,0,,0,0,,,,,,12.1883503
07-05-2025,9.024,,1.837327878,0.011177703,0.4871375,0.007113315,0.562500747,0.004036677,0.129971256,0.039059677,0.0004366,,,0.004,9.59922E-05,,,0,,0,7.59E-08,4.86E-08,,0,,0,0,,,,,,12.10685747
08-05-2025,9.087908224,,1.842491599,0.011177703,0.545072215,0.053422369,0.697516136,0.003829281,0.12821617,0.038939677,0.000455358,,,0.004,6.26034E-05,,,0,,0,5.06E-08,3.24E-08,,0,,0,0,,,,,,12.41309142
09-05-2025,9.024,,1.831041524,0.011177703,0.48,,0.540000089,0.00377022,0.129599256,0.038944677,0.000460906,,,0.004,7.79974E-05,,,0,,0,5.06E-08,3.24E-08,,0,,0,0,,0,,,,12.06307245
10-05-2025,9.024,,1.837328202,0.011177703,0.48,,0.540000079,0.00403022,0.129734256,0.039054677,0.000460906,,,0.004,7.55922E-05,,,0,,0,7.59E-08,4.86E-08,,0,,0,0,,,,,,12.06986176
11-05-2025,9.024,,1.837332054,0.011177703,0.48,,0.540000013,0.00377022,0.129539256,0.038944677,0.000460906,,,0.004,7.79974E-05,,,0,,0,5.06E-08,3.24E-08,,0,,0,0,,,,,,12.06930291
12-05-2025,9.024,,1.8373279,0.011177703,0.48,,0.540000104,0.00377022,0.129500256,0.038939677,0.000460906,,,0.004,5.80154E-05,,,0,,0,5.06E-08,3.24E-08,,0,,0,0,,,,,,12.06923486
13-05-2025,9.024,,1.837327915,0.011177703,0.48,,0.540000091,0.00377022,0.125506998,0.038944677,0.000460906,,,0.004,7.88088E-05,,,0,,0,5.06E-08,3.24E-08,,0,,0,0,,,,,,12.0652674
14-05-2025,9.110349112,,1.846775305,0.011177703,0.517225,,0.540000085,0.00403022,0.125701998,0.039054677,0.000460906,,,0.004,9.88196E-05,,,0,,0,7.59E-08,4.86E-08,,0,,0,0,,,,,,12.19887395
15-05-2025,9.3024,,1.856937384,0.011177703,0.6,,0.540000026,0.00377022,0.129539256,0.039431366,0.000460906,,,0.004,8.38188E-05,,,0,,0,5.06E-08,3.24E-08,,0,,0,0,,,,,,12.48780076
16-05-2025,13.58405759,19.083438,2.863987873,0.011177703,1.028043165,0,1.125007114,0.586255016,0.174206008,0.038939677,0.000460906,,,0.004,5.84148E-05,,,0,,0,5.06E-08,3.24E-08,,0,,0,0,,,,,,38.49963155
17-05-2025,16.1856,28.8,3.210104428,0.011177703,1.3266668,1.6E-09,1.620013869,0.867592938,0.196434384,0.038944677,0.000460906,,,0.004,7.88188E-05,,,0,,0,5.06E-08,3.24E-08,,0,,0,0,,,,,,52.26107461
18-05-2025,16.1856,28.8,3.169795166,0.011177703,1.324425085,3.9E-09,1.620018125,0.868217244,0.196644384,0.039054677,0.000460906,,,0.004,7.68258E-05,,,0,,0,7.59E-08,4.86E-08,,0,,0,0,,,,,,52.21947024
19-05-2025,16.1856,28.8,3.219680154,0.011177703,1.324416755,0,1.620017325,0.866568342,0.196425384,0.038944677,0.000460906,,,0.004,7.88244E-05,,,0,,0,5.06E-08,3.24E-08,,0,,0,0,,,,,,52.26737015
20-05-2025,14.72935866,15.66617117,3.171039852,0.404280604,1.299162505,0.807942656,1.530033821,0.519041287,0.173633008,0.038939677,0.00179831,,,0.004,0.000264809,,,0,,0,5.06E-08,3.24E-08,,0,,0,0,,,,,,38.34566644
21-05-2025,15.14137234,14.4,3.154990616,1.133740116,1.8124986,2.285784626,2.002581015,0.478630498,0.194550384,0.038944677,0.00179831,,,0.004,0.000656819,,,0,,0,5.06E-08,3.24E-08,,0,,0,0,,,,,,40.64954808
22-05-2025,15.2064,14.4,3.187265597,1.264903226,1.9522736,2.644841995,2.161420086,0.858392146,0.194763384,0.039054677,0.000460906,,,0.004,8.18292E-05,,,0,,0,7.59E-08,4.86E-08,,0,,0,0,,,,,,41.91385757
23-05-2025,13.00859057,6.497100168,2.369427209,0.522257023,1.255802785,1.175686033,1.552544964,0.595181331,0.176945266,0.038944677,0.000460906,,,0.004,7.88088E-05,,,0,,0.0000015,5.06E-08,3.24E-08,,0,,0,0,,,,,,27.19702133
24-05-2025,11.4048,,1.861431586,0.023745948,0.720958335,,1.080036242,0.003251896,0.16190832,0.038939677,0.000460906,,,0.0032,5.84184E-05,,,0,,0.000001,5.06E-08,3.24E-08,,0,,0,0,,,,,,15.29879241
25-05-2025,11.4048,,1.867699637,0.011177703,0.72,,1.080016236,0.00325022,0.16229232,0.039059677,0.000460906,,,0.0032,9.72138E-05,,,0,,0.000002,7.59E-08,4.86E-08,,0,,0,0,,,,,,15.29205604
26-05-2025,11.4048,,1.86141118,0.011177703,0.72,,1.080020475,0.00325022,0.16190832,0.038939677,0.000460906,,,0.0032,5.84148E-05,,,0,,0.000001,5.06E-08,3.24E-08,,0,,0,0,,,,,,15.28522798
27-05-2025,11.4048,,1.854624224,0.011177703,0.72,,1.080019238,0.00325022,0.16198332,0.038944677,0.000460906,,,0.0032,0.000078825,,,0,,0.0000015,5.06E-08,3.24E-08,,0,,0,0,,,,,,15.2785407
28-05-2025,11.47681989,,1.869381755,0.420734651,0.772366665,,1.08003151,0.00351022,0.160624234,0.038939677,0.000460906,,,0.0032,5.84184E-05,,,0,,0.000001,5.06E-08,3.24E-08,,0,,0,0,,,,,,15.82612901
29-05-2025,11.88015189,,1.909099273,15.79328791,0.92756111,,1.080014996,0.00403022,0.177188266,0.039059677,0.000460906,,,0.0032,0.000102233,,,0,,0.000002,7.59E-08,4.86E-08,,0,,0,0,,,,,,31.81415861
30-05-2025,11.95752389,,1.914815672,22.87861434,0.958358335,,1.080014095,0.00377022,0.194223384,0.038939677,0.000460906,,,0.0032,5.84148E-05,,,0,,0.000001,5.06E-08,3.24E-08,,0,,0,0,,,,,,39.02998001
31-05-2025,11.9616,,1.906834861,23.53337125,0.96,,1.080017201,0.00377022,0.194280384,0.038944677,0.000460906,,,0.0032,8.38184E-05,,,0,,0.0000015,5.06E-08,3.24E-08,,0,,0,0,,,,,,39.6825649
01-06-2025,11.9616,,1.933096735,23.53621696,0.96,,1.08001401,0.00078,0.200000002,0.040345003,0.00047627,,,0.004,7.68262E-05,,,0,,0,7.59E-08,4.86E-08,,0,,0,0,0,,,,,39.71660593
02-06-2025,11.91805809,,1.926937223,18.64923404,1.00912083,,1.080015849,0.00052,0.200153002,0.040235003,0.00047627,,,0.004,8.38154E-05,,,0,,0,5.06E-08,3.24E-08,,0,,0,0,,,,,,34.8288342
03-06-2025,12.15977956,,1.947259515,0.745160247,1.22420972,,1.080021842,0.003853334,0.195167446,0.040230003,0.00047627,,,0.004,5.84212E-05,,,0,,0,5.06E-08,3.24E-08,,0,,0,0,,,,,,17.40021644
04-06-2025,13.28542382,,2.041485671,59.90180418,2.385845825,1.175181599,1.533642432,0.222959167,0.201005002,0.040235003,0.00047627,,,0.004,8.88148E-05,,,0,,0,5.06E-08,3.24E-08,,0,,0,0,,,0,,,80.79214787
05-06-2025,13.09338587,0.719434888,2.014210854,23.10011053,2.413558325,1.976787935,1.973862939,0.39488111,0.200678002,0.040230003,0.001813675,,,0.004,5.84184E-05,,,0,,0,5.06E-08,3.24E-08,,0,,0,0,,,,,,45.93301264
06-06-2025,12.7968,,1.998689322,2.822291548,2.058887495,1.346895888,1.620084645,0.291113333,0.201056002,0.040350003,0.00047627,,,0.004,0.000107223,,,0,,0,7.59E-08,4.86E-08,,0,,0,0,,,,,,23.18075185
07-06-2025,12.7968,,1.998225564,2.8742165,2.05315554,1.297800163,1.620036729,0.290880723,0.200648002,0.040230003,0.00047627,,,0.004,5.84184E-05,,,0,,0,5.06E-08,3.24E-08,,0,,0,0,,,,,,23.176528
08-06-2025,12.7968,,1.997950154,2.824099861,2.05326805,1.298396166,1.620043828,0.290880726,0.200732002,0.040235003,0.00047627,,,0.004,0.000083815,,,0,,0,5.06E-08,3.24E-08,,0,,0,0,,0,,,,23.12696596
09-06-2025,12.7968,,1.990354444,2.862621054,2.340438985,2.24461818,2.070073604,0.422423808,0.200690002,0.040230003,0.001813675,,,0.004,0.001032609,,,0,,0,5.06E-08,3.24E-08,,0,,0,0,,,,,,24.97509645
10-06-2025,12.97269745,,2.014608154,3.352925503,2.931943115,3.845432884,2.745138475,0.858755374,0.200786002,0.040235003,0.00315108,,,0.004,0.000201254,,,0,,0,5.06E-08,3.24E-08,,0,,0,0,,,0,,,28.96987437
11-06-2025,13.0944,,2.023679126,4.837667186,3.05094166,3.989356877,2.70013269,0.892230781,0.200972002,0.040345003,0.00047627,,,0.004,0.00013178,,,0,,0,7.59E-08,4.86E-08,,0,,0,0,,,,,,30.8343335
12-06-2025,15.86111076,,2.096217938,4.382610683,2.89802497,3.225976981,2.407576354,0.655355998,0.195188446,0.040235003,0.00047627,,,0.004,0.000162652,,,0,,0,5.06E-08,3.24E-08,,0,,0,0,,,,,,31.76693614
13-06-2025,14.36597468,,2.015601868,2.636566328,1.792915245,1.27478314,1.597535852,0.232610504,0.195116446,0.040230003,0.001813675,,,0.004,5.24739E-05,,,0,,0,5.06E-08,3.24E-08,,0,,0,0,,,0,,,24.15720029
14-06-2025,11.4048,,1.871681193,0.057356405,0.72,,1.080012181,0.003880536,0.200732002,0.040235003,0.00047627,,,0.004,0.000141053,,,0,,0,5.06E-08,3.24E-08,,0,,0,0,,,,,,15.38331472
15-06-2025,11.4048,,1.878689965,0.011550293,0.72095417,,1.080012956,0.004138562,0.200972002,0.040345003,0.00047627,,,0.004,0.000131782,,,0,,0,7.59E-08,4.86E-08,,0,,0,0,,,,,,15.34607113
16-06-2025,11.4048,,1.878703335,0.011550293,0.76774722,0.513787591,1.080021042,0.204161013,0.200738002,0.040235003,0.00047627,,,0.004,0.000223164,,,0,0.0000005,0,5.06E-08,3.24E-08,,0,,0,0,,,0,,,16.10644352
17-06-2025,11.4048,,1.878697838,0.011550293,1.61128192,2.61403374,1.636877541,0.492641367,0.200648002,0.040230003,0.619694664,,,0.004,0.000496956,,,0,0.00000025,0,5.06E-08,3.24E-08,,0,,0,0,,,0,,,20.51495266
18-06-2025,11.4048,,1.878711194,0.011550293,2.37602361,3.392545821,2.193777056,0.751894403,0.201056002,0.040350003,1.262986297,,,0.004,0.000136977,,,0,,0,7.59E-08,4.86E-08,,0,,0,0,,,,,,23.51783178
19-06-2025,11.74501189,,1.956951457,0.011550293,2.522829185,3.399664964,2.194948597,1.004567749,0.200573002,0.040230003,1.271010625,,,0.004,0.00022414,,,0,,0,5.06E-08,3.24E-08,,0,,0,0,,,,,,24.35156198
20-06-2025,11.9616,,2.012728646,0.011550293,1.892612545,1.91404472,1.729702996,0.606181158,0.195059446,0.040235003,0.711960603,,,0.004,0.000183243,,,0,,0,5.06E-08,3.24E-08,,0,,0,0,,,,,,21.07985874
21-06-2025,11.9616,,2.013225986,0.011550293,0.96,,1.080020668,0.004925335,0.200558002,0.040230003,0.00047627,,,0.004,8.84448E-05,,,0,,0,5.06E-08,3.24E-08,,0,,0,0,,,,,,16.27667508
22-06-2025,11.9616,,2.013264503,0.011550293,0.96,,1.080017414,0.005698564,0.200864002,0.040350003,0.00047627,,,0.004,0.000151269,,,0,,0,7.59E-08,4.86E-08,,0,,0,0,,,,,,16.27797244
23-06-2025,11.9616,,2.006165887,0.011550293,0.96,,1.080013637,0.004918564,0.200528002,0.040230003,0.000514515,,,0.004,0.000729244,,,0,0.0000035,0.000001,5.06E-08,3.24E-08,,0,,0,0,,,,,,16.27025473
24-06-2025,11.9616,,2.012828805,0.011550293,0.96,,1.080017049,0.004918564,0.200576002,0.040235003,0.000815561,,,0.0032,0.000128236,,,0,,0.0000015,5.06E-08,3.24E-08,,0,,0,0,,,,,,16.2758711
25-06-2025,11.9616,,2.014661752,0.011550293,0.96,,1.080016255,0.004918564,0.200528002,0.040230003,0.000815561,,,0.0032,9.92381E-05,,,0,,0.000001,5.06E-08,3.24E-08,,0,,0,0,,,,,,16.27762075
26-06-2025,11.9616,,2.013099258,0.011550293,1.04078057,0.190187428,1.147526203,0.080379173,0.200576002,0.040245003,0.06233618,,,0.0032,0.000512416,,,0,,0.0000015,5.06E-08,3.24E-08,,0,,0,0,,,,,,16.75199411
27-06-2025,12.12219378,,2.42776916,0.011550293,1.556993075,1.213218952,1.50898609,0.382746608,0.200792002,0.040345003,0.000815561,,,0.0032,0.000418846,,,0,,0.0000015,7.59E-08,4.86E-08,,0,,0,0,,,,,,19.46903099
28-06-2025,11.9616,,2.005997,0.011550293,1.79120423,1.666519638,1.620111136,0.509866469,0.199187113,0.040235003,0.000815561,,,0.0032,0.000222863,,,0,,0.0000015,5.06E-08,3.24E-08,,0,,0,0,,,,,,19.81051089
29-06-2025,11.9616,,2.012028688,0.011550293,1.790226375,1.667472257,1.620119269,0.509869768,0.199139113,0.040230003,0.000815561,,,0.0032,0.000181463,,,0,,0.000001,5.06E-08,3.24E-08,,0,,0,0,,,,,,19.81643387
30-06-2025,13.46503152,,2.064498855,0.011550293,1.34517223,0.444661222,1.215046647,0.161672557,0.200576002,0.040235003,0.001414669,,,0.0032,0.000613582,,,0,,0.0000015,5.06E-08,3.24E-08,,0,,0,0,,,,,,18.95367416
01-07-2025,14.3424,,2.058057572,0.011177703,1.2,,1.080019862,0.0052,0.193548384,0.038939677,0.002666335,,,0.004,0.000201115,,,0,,0,5.06E-08,3.24E-08,,0,,0,0,0,,,,,18.93621073
02-07-2025,14.3424,,2.065509775,0.011177703,1.2,,1.080027771,0.00806,0.193548384,0.039059677,0.002666335,,,0.004,0.000387059,,,0,,0,7.59E-08,4.86E-08,,0,,0,0,,,,,,18.94683683
03-07-2025,14.3424,,2.064693933,0.011177703,1.2,,1.080017689,0.009725806,0.186011868,0.038939677,0.002666335,,,0.004,0.000570258,,,0,,0,5.06E-08,3.24E-08,,0,,0,0,,,,,,18.94020335
04-07-2025,14.88237671,0.857327039,2.138085391,0.011177703,1.239808335,,1.080019195,0.260395554,0.194163384,0.038944677,0.002666335,,,0.004,0.000360661,,,0,,0,5.06E-08,3.24E-08,,0,,0,0,,,,,,20.70932507
05-07-2025,14.3424,,2.066258415,0.011177703,1.2,,1.080016848,0.017565806,0.192996298,0.039054677,0.002666335,,,0.004,0.000369279,,,0,,0,7.59E-08,4.86E-08,,0,,0,0,,,,,,18.95650549
06-07-2025,14.3424,,2.05815517,0.011177703,1.2,,1.080022443,0.014705806,0.194127384,0.038954677,0.002666335,,,0.004,0.000321543,,,0,,0,5.06E-08,3.24E-08,,0,,0,0,,,,,,18.94653114
07-07-2025,14.49300356,2.267997168,2.427884444,0.011177703,1.216458335,,1.080035356,0.106662582,0.199830728,0.038939677,0.002666335,,,0.004,0.000337122,,,0,,0,5.06E-08,3.24E-08,,0,,0,0,,,,,,21.8489931
08-07-2025,14.3424,,2.065120131,0.011177703,1.2,,1.080015651,0.015570649,0.194208384,0.038954677,0.002666335,0.09,,0.004,0.000576382,,,0,,0,5.06E-08,3.24E-08,,0,,0,0,,0,0,,,19.04468999
09-07-2025,14.3424,,2.066173321,0.011177703,1.2,,1.080076474,0.019210649,0.194430384,0.039054677,0.002666335,0.24,,0.004,0.000757373,,,0,,0,7.59E-08,4.86E-08,,0,,0,0,,,,,,19.19994704
10-07-2025,14.37397134,,2.062695736,0.054860291,1.22429861,,1.080021106,0.016610649,0.194229384,0.038944677,0.002666335,0.24,,0.004,0.00089312,,,0,,0,5.06E-08,3.24E-08,,0,,0,0,,,,,,19.29319133
11-07-2025,14.3424,,2.065890881,0.011177703,1.2,,1.080018772,0.015819448,0.194136384,0.038939677,0.002666335,0.24,,0.004,0.000676546,,,0,,0,5.06E-08,3.24E-08,,0,,0,0,,,,,,19.19572583
12-07-2025,14.3424,,2.065458482,0.011177703,1.2,,1.080018982,0.015830649,0.194202384,0.038944677,0.002666335,0.24,,0.004,0.000776626,,,0,,0,5.06E-08,3.24E-08,,0,,0,0,,,,,,19.19547592
13-07-2025,14.3424,,2.065884807,0.011177703,1.2,,1.080038303,0.019210649,0.194430384,0.039054677,0.002666335,0.23,,0.004,0.000860181,,,0,,0,7.59E-08,4.86E-08,,0,,0,0,,,,,,19.18972316
14-07-2025,14.46195089,,2.070888471,0.225407078,1.30011666,,1.080017863,0.019550649,0.194289384,0.038944677,0.002666335,0.23,,0.004,0.000779743,,,0,,0,5.06E-08,3.24E-08,,0,,0,0,,,,,,19.62861183
15-07-2025,14.6208,,2.086526056,0.517371253,1.44,,1.080021678,0.024470649,0.194136384,0.038939677,0.002666335,0.23,,0.004,0.000767866,,,0,,0,5.06E-08,3.24E-08,,0,,0,0,,,,,,20.23969998
16-07-2025,14.6208,,2.087645004,0.517371513,1.44,,1.080016103,0.028110649,0.194496384,0.039059677,0.002666335,0.24,,0.004,0.001171333,,,0,,0,7.59E-08,4.86E-08,,0,,0,0,,,,,,20.25533712
17-07-2025,14.6208,,2.086555901,0.517371511,1.44,,1.08003304,0.026590649,0.194136384,0.038939677,0.002666335,0.24,,0.004,0.001332728,,,0,,0,5.06E-08,3.24E-08,,0,,0,0,,,,,,20.25242631
18-07-2025,14.92534349,,2.118209868,0.789470419,1.63550139,,1.080010964,0.037430649,0.194211384,0.038944677,0.002666335,0.24,,0.004,0.00099617,,,0,,0,5.06E-08,3.24E-08,,0,,0,0,,,,,,21.06678543
19-07-2025,15.1776,,2.151425282,0.999564798,1.8,,1.080013006,0.045670649,0.194136384,0.038939677,0.002666335,0.24,,0.004,0.000906644,,,0,,0,5.06E-08,3.24E-08,,0,,0,0,,,,,,21.73492286
20-07-2025,15.1776,,2.149290505,0.999565058,1.8,,1.080019139,0.049690649,0.194496384,0.039059677,0.002666335,0.25,,0.004,0.00120158,,,0,,0,7.59E-08,4.86E-08,,0,,0,0,,,,,,21.74758945
21-07-2025,15.1776,,2.148784752,0.526703101,1.74517361,,1.080009106,0.033650649,0.194145384,0.038939677,0.002666335,0.24,,0.004,0.00154831,,,0,,0,5.06E-08,3.24E-08,,0,,0,0,,,,,,21.19322101
22-07-2025,15.1776,,2.152636635,0.075134763,1.68,,1.080013737,0.023150649,0.194253384,0.038944677,0.002666335,0.24,,0.004,0.001166031,,,0,,0,5.06E-08,3.24E-08,,0,,0,0,,,,,,20.66956629
23-07-2025,15.1776,,2.143207259,0.081558326,1.68,,1.080011068,0.023670649,0.194136384,0.038939677,0.002666335,0.24,,0.0032,0.001138718,,,0,,0.000001,5.06E-08,3.24E-08,,0,,0,0,,,,,,20.6661295
24-07-2025,15.1776,,2.148556815,0.073752638,1.68,,1.080016305,0.025310649,0.194202384,0.038944677,0.002666335,0.23,,0.0032,0.001733754,,,0,,0.0000015,5.06E-08,3.24E-08,,0,,0,0,,,,,,20.65598514
25-07-2025,15.1776,,2.152940694,0.063912295,1.68095972,,1.080011838,0.029690649,0.194328384,0.038964677,0.002666335,0.17,,0.0032,0.001392636,,,0,,0.000001,5.55E-08,3.45E-08,,0,,0,0,,,,,,20.59566832
26-07-2025,15.1776,,2.150149807,0.057345831,1.68,,1.080012683,0.036300649,0.194304384,0.039034677,0.002666335,0.24,,0.0032,0.001402593,,,0,,0.000002,0.000000071,4.65E-08,,0,,0,0,,,,,,20.66201908
27-07-2025,15.1776,,2.142446241,0.051682598,1.68,,1.080014269,0.450910649,0.192792298,0.038939677,0.002666335,0.23,,0.00539,0.001245991,,,0,,0.000001,5.06E-08,3.24E-08,,0,,0,0,,,,,,21.05368914
28-07-2025,15.18457355,,2.150963372,0.040768689,1.68,,1.080081487,0.487430649,0.194496384,0.039059677,0.002666335,0.2,,0.00608,0.001479649,,,0,,0.000002,7.59E-08,4.86E-08,,0,,0,0,,,,,,21.06760191
29-07-2025,15.18467741,,2.151854415,0.031422513,1.68,,1.08008296,0.486500649,0.194136384,0.038939677,0.002666335,0.23,,0.00608,0.001334333,,,0,,0.000001,5.06E-08,3.24E-08,,0.000000054,,0,0,,,,,,21.08769581
30-07-2025,13.68486034,,2.108772857,0.022246173,1.60442639,,1.080119219,0.478610649,0.194202384,0.038944677,0.002666335,0.24,,0.00608,0.001502946,,,0,,0.0000015,5.06E-08,3.24E-08,,0.000000054,,0,0,,,,,,19.4624336
31-07-2025,12.80884663,,2.066777284,0.022246173,1.56,,1.080086849,0.471900649,0.194136384,0.038939677,0.002666335,0.21,,0.00608,0.002241834,,,0,,0.000002,5.06E-08,3.24E-08,,0.000000054,,0,0,,,0,,,18.46392396
01-08-2025,12.7968,,2.07639815,0.022246173,1.56,,1.080016226,0.04013,0.193548384,0.039059677,0.002666335,0.19,,0.004,0.00159563,,,0,,0,7.59E-08,4.86E-08,,0,,0,0,0,,,,,18.0064607
02-08-2025,12.7968,,2.076274532,0.022246173,1.56,,1.080012902,0.03764,0.193548384,0.038939677,0.002666335,0.15,,0.004,0.001000663,,,0,,0,5.06E-08,3.24E-08,,0,,0,0,,,,,,17.96312875
03-08-2025,12.7968,,2.075977752,0.022246173,1.560954165,,1.080016447,0.040345806,0.194202384,0.038944677,0.002666335,0.24,,0.004,0.000928016,,,0,,0,5.06E-08,3.24E-08,,0,,0,0,,,,,,18.05708184
04-08-2025,12.7968,,2.075961851,0.022246173,1.56,,1.08001492,0.040345806,0.194136384,0.038939677,0.002666335,0.21,,0.004,0.000895788,,,0,,0,5.06E-08,3.24E-08,,0,,0,0,,,,,,18.02600702
05-08-2025,12.7968,,2.06703428,0.022246173,1.56095139,,1.080058613,0.044505806,0.194496384,0.039059677,0.002666335,0.19,,0.004,0.001094497,,,0,,0,7.59E-08,4.86E-08,,0,,0,0,,,,,,18.00291328
06-08-2025,12.7968,,2.0755255,0.022246173,1.56,,1.080045733,0.039910649,0.194106384,0.038939677,0.002666335,0.24,,0.004,0.000886701,,,0,,0,5.06E-08,3.24E-08,,0,,0,0,,,,,,18.05512724
07-08-2025,12.7968,,2.076246244,0.022246173,1.56,,1.080013597,0.039910649,0.194124384,0.038944677,0.002666335,0.22,,0.004,0.001724075,,,0,,0,5.06E-08,3.24E-08,,0,,0,0,,0,,,,18.03667622
08-08-2025,12.7968,,2.076111466,0.27302588,1.622645835,,1.080024606,0.044250649,0.194082384,0.038939677,0.002666335,0.17,,0.004,0.001130497,,,0,,0,5.06E-08,3.24E-08,,0,,0,0,,,,,,18.30367741
09-08-2025,12.7968,,2.076113908,0.504439866,1.68,,1.080103997,0.048250649,0.18870004,0.038939677,0.002666335,0.1,,0.004,0.000955696,,,0,,0,5.06E-08,3.24E-08,,0,,0,0,,,,,,18.52097025
10-08-2025,12.7968,,2.069452172,0.504439877,1.68,,1.080052233,0.052330649,0.194388384,0.039059677,0.002666335,0.24,,0.004,0.001192937,,,0,,0,7.59E-08,4.86E-08,,0,,0,0,,,,,,18.66438239
11-08-2025,13.8298444,,2.1078971,0.504439892,1.735681945,,1.080019759,0.048550649,0.194076384,0.038939677,0.002666335,0.24,,0.004,0.001043075,,,0,,0,5.06E-08,3.24E-08,,0,,0,0,,,,,,19.7871593
12-08-2025,15.08928066,,2.166714308,0.504439817,1.82911667,,1.080015612,0.048650649,0.194223384,0.038954677,0.002666335,0.18,,0.004,0.00130425,,,0,,0,0.000000053,3.32E-08,,0,,0,0,,,,,,21.13936645
13-08-2025,16.51010669,0.269953694,2.974916502,0.504439853,1.93092778,,1.147609983,0.127018879,0.18817204,0.048365284,0.003703904,0.16,,0.004,0.002854556,,,,0.000000125,0,,,,,,0,,,,0,,,23.87206929
14-08-2025,26.69436087,2.4,5.083116136,0.504439862,2.28,,1.620476191,0.74554842,0.18822004,0.119015805,0.011628497,0.24,,0.004,0.018695376,,,0,,0,,,,,,0,,,,,,,39.90950119
15-08-2025,27.1018015,2.4,5.420719287,0.504439863,2.28137083,,1.620840753,0.761753167,0.192204298,0.118950805,0.013473832,0.24,,0.004,0.018520033,,,,,,,,,,,0,,,,,,,40.67807437
16-08-2025,31.53616288,2.4,6.058197578,0.504439862,2.28,,1.620515659,0.922907298,0.192252298,0.119020805,0.015889373,0.23,,0.00887,0.018766642,,,0,,0,,,,,,0,,,,,,,45.90702239
17-08-2025,31.23245171,2.4,6.021497754,0.504439874,2.086044445,,1.620475833,0.92340417,0.193548384,0.119010805,0.015889373,0.16,,0.00665,0.018951212,,,,,,,,,,,0,,,,,,,45.30236356
18-08-2025,30.97936378,2.4,5.993326995,0.504439857,1.92,,1.62061979,0.92294176,0.193596384,0.119015805,0.015889373,0.14,,0.00464,0.018801221,,,0,,0,,,,,,0,,,,,,,44.83263497
19-08-2025,30.97936364,2.4,5.995934717,0.504439856,1.92,,1.620490808,0.922718564,0.193548384,0.119015805,0.015889373,0.15,,0.00506,0.018785228,,,,,,,,,,,0,,,,,,,44.84524637
20-08-2025,30.97936368,2.4,6.128289243,0.504439999,2.8506708,1.092429635,2.385595429,1.242362322,0.193596384,0.119015805,0.698060704,0.09,,0.00611,0.019042991,,,0,,0.0000005,,,,,,0,,,,,,,48.70897749
21-08-2025,31.4271012,2.4,6.232518018,0.504439884,3.096445815,1.154390544,2.340632204,1.784861824,0.193548384,0.118950805,0.727420649,0.19,,0.00608,0.018821004,,,,,,,,,,,0,,,,,,,50.19521033
22-08-2025,31.19059039,2.4,6.137956595,0.504439874,2.1939764,0.214703312,1.800604805,1.643975259,0.193596384,0.119015805,0.15586857,0.24,,0.00608,0.019063699,,,0.0000004,,0.0000005,,,,,,0,0,,,,,,46.81987199
23-08-2025,30.97936378,2.4,5.994242689,0.504439859,1.92,,1.62047213,1.573074582,0.193548384,0.119015805,0.026211166,0.19,,0.00608,0.019075562,,,,,,,,,,,0,,,,,,,45.54552395
24-08-2025,31.175624,2.4,6.007280699,0.94789828,2.049279165,,1.620487817,1.584181453,0.193608384,0.119015805,0.026211166,0.11,,0.00611,0.018976538,,,0.0000004,,0.0000005,,,,,,0,,,,,,,46.25867421
25-08-2025,31.72611953,2.4,6.053747073,2.670725031,2.19762917,,1.620521747,1.616092483,0.193593384,0.119010805,0.026211166,0.16,,0.00608,0.019163345,,,,,,,,,,,0,,,,,,,48.80889373
26-08-2025,31.84024766,2.4,6.054708945,2.957908107,2.16,,1.620573886,1.618456128,0.193596384,0.119005805,0.026211166,0.17,,0.00608,0.019163558,,,0.0000004,,0.0000005,,,,,,0,,,,,,,49.18595254
27-08-2025,31.84354342,2.4,6.31022958,3.000087265,2.16,,1.620908123,1.655662007,0.193548384,0.118960805,0.030332275,0.21,,0.00608,0.018781955,,,,,,,,,,,0,,,,,,,49.56813382
28-08-2025,31.85058973,2.4,6.688064038,2.994795645,2.227558335,,1.621269604,1.63972873,0.211195502,0.119015805,0.033548453,0.23,,0.00608,0.019160065,,,0.0000004,,0.0000005,,,,,,0,,,,,,,50.04100681
29-08-2025,2.673482122,7.740879828,6.997938631,2.989964727,2.2051389,,1.62466255,1.812168665,0.207754244,0.119010805,0.037088102,0.03,,0.00611,0.018909404,,,,,,,,,,,0,,,,,,,26.46310798
30-08-2025,0.022130244,2.4,6.056797729,2.972491684,2.16,,1.621083109,1.531107369,0.193614384,0.119015805,0.037293427,,,0.00608,0.018800643,,,0.0000004,,0.0000005,,,,,,0,,,,,,,17.13841529
31-08-2025,0.027735295,2.4,6.057063532,2.997530605,2.16,,1.621161333,1.533209422,0.193548384,0.119000805,0.037293425,,,0.00608,0.01871295,,,,,,,,,,,0,,,,,,,17.17133575
01-09-2025,0.0001635,12.29425217,7.074488237,2.965328618,2.243747215,,1.620511107,0.382724479,0.223611113,0.122406675,0.038536538,,,0.004,0.018757338,,,0.0000004,,0,,,,,,0,,0,,,,,26.98852739
02-09-2025,0.000163759,6.859369164,6.725691127,3.096556167,2.19666667,,1.62150682,1.082637556,0.211111113,0.122451675,0.040123325,,,0.004,0.018826248,,,,,,,,,,,0,,,,,,,21.97910362
03-09-2025,0.000163878,2.4,6.262485327,3.203719601,2.16,,1.620538156,0.937929489,0.200000002,0.122456675,0.047627104,,,0.004,0.018681219,,,0.0000004,,0,,,,,,0,,,,,,,16.97760185
04-09-2025,0.00016379,2.4,6.13795491,3.163526399,2.16,,1.620507475,0.937990432,0.194444446,0.122456675,0.047976791,,,0.004,0.018659038,,,,,,,,,,,0,,,,,,,16.80767996
05-09-2025,0.000161764,2.4,6.271687692,3.156975197,2.16,,1.620564338,0.937603283,0.200000002,0.122401675,0.049226299,,,0.004,0.018550178,,,0.0000004,,0,,,,,,0,,,,,,,16.94117083
06-09-2025,0.000163845,2.4,6.137232126,3.168522176,2.16,,1.620480341,0.937529378,0.198611113,0.122446675,0.051777252,,,0.004,0.018662539,,,,,,,,,,,0,,,0,,,,16.81942545
07-09-2025,0.000163943,2.4,6.139662014,3.146933358,2.16,,1.620483906,0.936627372,0.200084002,0.122456675,0.051777252,,,0.004,0.018717835,,,0.0000004,,0,,,,,,0,,,,,,,16.80090676
08-09-2025,0.000163966,2.4,6.338528648,3.133036139,2.16096111,,1.620495382,0.937711963,0.200000002,0.122451675,0.053398133,,,0.004,0.018689867,,,,,,,,,,,0,,,,,,,16.98943688
09-09-2025,0.000162434,2.4,6.242415527,3.152241398,2.16,,1.620505915,0.937909721,0.200084002,0.122401675,0.058462794,,,0.004,0.018601199,,,0.0000004,,0,,,,,,0,,,,,,,16.91678506
10-09-2025,0.000164414,2.4,6.3508372,3.140195894,2.16,,1.620516943,0.938665573,0.200000002,0.122446675,0.062543894,,,0.004,0.018953341,,,,,,,,,,,0,0,,,,,,17.01832393
11-09-2025,0.000164093,2.4,6.227961345,3.168618793,2.13188611,,1.620835747,0.939521112,0.200084002,0.122456675,0.068839299,,,0.004,0.018782568,,,0.0000004,,0,,,,,,0,,,,,,,16.90315014
12-09-2025,0.00016285,5.995921668,6.554155934,3.153647102,2.28768473,0.000172942,1.778044465,1.111177935,0.209953224,0.122441675,0.207276283,,,0.004,0.018758346,,,,,,,,,,,0,,,,,,,21.44339715
13-09-2025,0.000163542,2.4,6.074864821,3.138004077,2.04,,1.620564584,0.946526454,0.200084002,0.122411675,0.073911876,,,0.004,0.018724329,,,0.0000004,,0,,,,,,0,,,,,,,16.63925576
14-09-2025,0.006732811,2.4,6.072555637,3.145240443,2.04,,1.621149356,0.946982236,0.200000002,0.122456675,0.073911876,,,0.004,0.018793935,,,,,,,,,,,0,,,,,,,16.65182297
15-09-2025,0.007003189,2.4,6.163887418,3.169368096,2.04281944,,1.620760583,0.947427046,0.200096002,0.122456675,0.074549299,,,0.004,0.018858674,,,0.0000004,,0,,,,,,0,,,,,,,16.77122682
16-09-2025,0.00710026,2.4,6.250165696,3.199233907,2.053347225,,1.620658466,1.637261003,0.200036002,0.122396675,0.078081774,,,0.004,0.01865822,,,,,,,,,,,0,,,,,,,17.59093923
17-09-2025,0.007183736,5.99610816,6.551092271,3.207471882,2.06984583,,1.620673546,1.744401372,0.209110335,0.122451675,0.085551895,,,0.00832,0.018889827,,,0.0000004,,0,,,,,,0,,,,,,,21.64110093
18-09-2025,0.007560008,7.490571336,6.790968737,3.460072935,2.23037223,0.000005761,1.645457418,1.828073075,0.211897113,0.122451675,0.086021863,,,0.00835,0.018874707,,,,,,,,,,,0,,,,,,,23.90067686
19-09-2025,0.010084941,2.4,6.311131601,3.684761565,2.28,,1.621636979,1.523080536,0.200009002,0.122451675,0.090314852,,,0.00838,0.018901209,,,,,,,,,,,0,,,,,,,18.27075236
20-09-2025,0.009092867,2.4,6.094359708,3.682050017,2.28095833,,1.621354893,1.317325489,0.200147002,0.122441675,0.092661223,,,0.00835,0.01889322,,,0.0000004,,0,,,,,,0,,,,,,,17.84763483
21-09-2025,0.007627487,2.4,6.092147246,3.693839435,2.28,,1.626930155,1.318207804,0.200000002,0.122401675,0.092661223,,,0.00832,0.018866671,,,,,,,,,,,0,,,,,,,17.8610017
22-09-2025,0.007303183,2.4,6.112969918,3.88313981,2.309172225,,1.620770887,1.323344435,0.200159002,0.122461675,0.092661223,,,0.00653,0.019019157,,,0.0000004,,0.0000005,,,,,,0,,,,,,,18.09753241
23-09-2025,0.007726735,2.4,6.114222912,4.992598449,2.31646806,,1.620783365,1.327162156,0.200075002,0.122456675,0.092661223,,,0.00464,0.018992465,,,,,,,,,,,0,,,,,,,19.21778704
24-09-2025,0.007672713,2.4,6.117285193,4.312340061,2.09875971,,1.620632384,1.232410573,0.200258002,0.122396675,0.09670792,,,0.00371,0.018907473,,,0.0000004,,0.0000005,,,,,,0,,,,,,,18.2310816
25-09-2025,0.006944756,2.4,5.559027592,0.55036145,1.92,,1.620669231,1.06231561,0.200000002,0.122451675,0.099782997,,,0.0032,0.019052616,,,,,,,,,,,0,,,,,,,13.56380593
26-09-2025,0.007285848,2.4,5.602624418,0.633180975,1.93417361,,1.620597351,1.062227386,0.200264002,0.122456675,0.103091728,,,0.0032,0.019123671,,,0.0000004,,0.0000005,,,,,,0,,,,,,,13.70822656
27-09-2025,0.011170053,2.4,5.476525071,0.530132728,1.92,,1.620694539,1.056108095,0.200000002,0.122451675,0.105936091,,,0.0032,0.01910647,,,,,,,,,,,0,,,,,,,13.46532472
28-09-2025,0.009642211,2.4,5.473444513,0.537024236,1.921381945,,1.620644543,1.040052894,0.200138002,0.122396675,0.105936091,,,0.0032,0.019028885,,,0.0000004,,0.0000005,,,,,,0,,,,,,,13.45289089
29-09-2025,0.006815719,2.4,5.477409141,0.960027196,2.042627015,0.000285811,1.82338192,1.177249779,0.200411002,0.122456675,0.10606289,,,0.0032,0.019178145,,,,,,,,,,,0,,,,,,,14.33910529
30-09-2025,0.007150162,2.680486332,5.633085207,4.548080273,2.65481158,0.000974976,2.408475548,1.654401383,0.201814891,0.122456675,0.106150361,,0,0.02807,0.01924253,,,0.0000004,,0.0000005,,,,,,0,,,,,,,20.06520082
01-10-2025,0.000162683,2.4,5.52285614,6.310814797,3.080672665,0.000239623,2.70037368,0.761289978,0.193548384,0.118995805,0.103050575,,0,0.004,0.019152422,,,,,,,,,,,0,,0,,,,,21.21515675
02-10-2025,0.000163219,2.4,5.439391389,6.310215571,3.08328935,0.000235719,2.700549088,0.780221031,0.18817204,0.118965805,0.105389822,,0,0.004,0.019196337,,,0.0000004,,0,,,,,,0,,,,,,,21.14978977
03-10-2025,0.000163779,2.4,5.564942129,6.496967034,3.093886655,0.00022589,2.700538426,0.890041004,0.193548384,0.119015805,0.106514007,,0,0.004,0.01911065,,0.00002,0.0000004,,0,,,,,,0,0,,,,,,21.58897416
04-10-2025,0.000163905,2.4,5.439850348,6.310150772,3.080143455,0.000228974,2.700595214,1.518802549,0.18817204,0.119015805,0.109060673,,0,0.004,0.0191627,,,0.0000004,,0,,,,,,0,,,,,,,21.88934683
05-10-2025,0.00016406,2.4,5.441293015,6.312183717,3.080911555,0.00026383,2.700557869,1.519285555,0.193548384,0.119015805,0.109060673,,0,0.00751,0.019167145,,0.00002,0.0000004,,0,,,,,,0,0,,,,,,21.90298201
06-10-2025,0.000163871,3.543513528,6.063666157,7.089045317,3.212183825,0.000235261,2.700593776,1.818029216,0.20902333,0.119015805,0.109060673,,0,0.02977,0.019208558,,,0.0000004,,0,,,,,,0,,,0,,,,24.91350972
07-10-2025,0.000162991,4.8,6.664518826,6.545899049,3.28128518,0.000307701,2.70056914,2.312787141,0.226490448,0.118955805,0.109060673,,0,0.01747,0.01908635,,,,,,,,,,,0,,,,,,,26.7965933
08-10-2025,0.000164145,4.8,6.820797871,6.6495168,3.41026855,0.000237982,2.700563564,2.316063723,0.226379448,0.119015805,0.111220523,,0,0.01834,0.019314487,,,0.0000004,,0,,,,,,0,,,,,,,27.1918833
09-10-2025,0.000163872,14.408706,7.80348703,6.454998774,3.670461605,0.000278799,2.700569904,2.700155942,0.24962791,0.119010805,0.11178103,,0,0.01828,0.019331758,,0.00001,0.0000004,,,,,,,,0,,,,,,,38.25686383
10-10-2025,0.000162343,12.47259567,7.615068348,6.313967986,3.639232445,0.000796881,2.700581949,2.61681478,0.244005566,0.119010805,0.11178103,,0,0.01015,0.019331518,,0.00001,0.0000004,,0,,,,,,0,0,,,,,,35.86350972
11-10-2025,0.000163323,4.8,6.749120038,6.312828883,3.44355876,0.000538257,2.700555986,2.306591473,0.226094448,0.118960805,0.11178103,,0,0.00922,0.019363632,,,,,,,,,,,0,,,,,,,26.79877663
12-10-2025,0.000163558,4.8,6.750693312,6.312094054,3.438335125,0.00052738,2.700576667,2.306973567,0.226241448,0.119015805,0.11178103,,0,0.0091,0.019552507,,,0.0000004,,0,,,,,,0,,,,,,,26.79505485
13-10-2025,0.000163812,4.8,6.757999316,6.404999403,3.444692125,0.000531409,2.700646229,2.307173563,0.226226448,0.119015805,0.11178103,,0,0.02257,0.019576008,,,,,,,,,,,0,,,,,,,26.91537515
14-10-2025,0.000163106,4.8,6.762217467,6.530230004,3.48758108,0.000487586,2.700575568,2.311650004,0.224963362,0.119030805,0.11178103,,0,0.01033,0.019690969,,0.00005,0.0000012,,0,,,,,,0,0,,,,,,27.07875218
15-10-2025,0.000162866,4.8,6.886856678,6.317522505,3.448468535,0.000604684,2.70056333,2.309452678,0.226100448,0.118950805,0.112849816,,0.104909099,0.01036,0.019574954,,,,,0,,,,,,0,,,,,,,27.0563764
16-10-2025,0.000163837,4.8,6.784488829,6.316685883,3.495536615,0.000773529,2.700792361,2.305478209,0.219380018,0.119010805,0.115686602,,0.35856,0.00928,0.019789334,,,,,,,,,,,0,,,,,,,27.24562602
17-10-2025,0.000164332,4.8,6.906416092,6.316782572,3.56281023,0.000689617,2.700540271,2.404828037,0.226262448,0.119030805,0.118011651,,0.35856,0.01282,0.020534177,,0.00008,0.0000228,,0,,,,,,0,0,,,,0,0,27.54755303
18-10-2025,0.000162354,4.8,6.807535878,6.051441773,3.419515775,0.000549996,2.700576865,2.985872374,0.226103448,0.118965805,0.118408499,,0.335271493,0.03691,0.019867466,,0.00002,0.0000004,,,,,,,,0,0,,,,,,27.62120212
19-10-2025,0.00016374,4.8,6.79990228,5.832504317,3.324160195,0.000473444,2.700551679,2.976719924,0.226190448,0.119010805,0.1184085,,0.3168,0.00835,0.020073491,,0.00001,0.0000004,,0,,,,,,0,0,,,,,,27.24331922
20-10-2025,0.000160213,4.8,6.664170303,5.805505523,3.11983115,0.000472874,2.700972632,2.725742362,0.225941448,0.118890805,0.1184085,,0.307658457,0.00751,0.019710217,,,,,0,,,,,,0,0,,,,,,26.61497448
21-10-2025,0.000163356,4.8,6.814074047,5.802319043,3.116544625,0.000471277,2.700546275,2.945558308,0.226181448,0.118965805,0.118408498,,0.269764867,0.01333,0.020195335,,0.00001,0.0000008,,0,,,,,,0,0,,,,,,26.94653368
22-10-2025,0.000163111,4.8,6.810236719,5.803312123,3.11651965,0.000475297,2.700563386,2.928095804,0.226094448,0.119020805,0.1184085,,0.3168,0.00593,0.020341988,,0.00002,0.0000004,,0.0000005,,,,,,0,0,,,,,,26.96598273
23-10-2025,0.000163546,4.8,6.804518238,5.805681453,3.116039035,0.000480048,2.700574112,2.94332204,0.226181448,0.119020805,0.1184085,,0.3168,0.01505,0.020448277,,0.00001,0.0000004,,0.0000005,,,,,,0,0,,,,,,26.9866984
24-10-2025,0.000162523,4.8,6.928742799,5.803459629,3.115344675,0.000480229,2.700794066,2.978168748,0.226094448,0.118950805,0.122110443,,0.3168,0.01001,0.020360826,,,,,,,,,,,0,,,,,,,27.14147919
25-10-2025,0.000164101,4.8,6.80020433,5.803912882,3.11509328,0.000479614,2.700553267,2.979175753,0.226178448,0.119020805,0.122377848,,0.3168,0.0113,0.020657647,,0.00001,0.0000004,,0.0000005,,,,,,0,,,,,,,27.01592887
26-10-2025,0.000164623,4.8,6.803790864,5.802907556,3.1161946,0.000474067,2.701125013,2.958386287,0.226097448,0.119015805,0.122377848,,0.3168,0.00701,0.020729269,,,,,,,,,,,0,,,,,,,26.99507338
27-10-2025,0.000164091,4.8,6.801256563,5.803311867,3.11606269,0.000526426,2.700631729,2.930567569,0.226178448,0.119015805,0.122377848,,0.3168,0.00686,0.020877821,,0.00001,0.0000004,,0.0000005,,,,,,0,,,,,,,26.96464176
28-10-2025,0.000163284,4.8,6.891912664,5.850850491,3.11540565,0.000895841,2.700582059,3.173077137,0.226145448,0.118950805,0.122609524,,0.3168,0.01184,0.020788554,,,,,,,,,,,0,,,,,,,27.35002146
29-10-2025,0.000163605,3.183436056,5.8642485,5.804203227,2.409795905,0.000401876,2.498237034,2.736115961,0.204418072,0.119025805,0.126005525,,0.09464738,0.04067,0.021276582,,0.00005,0.0000008,,0,,,,,,0,0,,,,,,23.10269633
30-10-2025,0.000162273,2.4,5.340601102,5.80330793,1.81214586,0.000272212,1.913396948,2.022376434,0.193641384,0.118960805,0.129136952,,0.064359664,0.01598,0.021072953,,0.00003,0.0000008,,0.0000005,,,,,,0,0,,,,,,19.83544582
31-10-2025,0.000161914,2.4,5.509989108,5.805325117,1.530488885,,1.624404599,1.761310196,0.193554384,0.118955805,0.135176319,,0.090433157,0.00938,0.021166156,,0.00001,0.0000008,,0,,,,,,0,0,,,,,,19.20035644
